t,p,n,nu_0,mu,gamma,no_edges,bic value,precision_avg,recall_avg,F1_avg,Time(sec),mask_diag
10,100,2500,0.005,1000.0,10,350.0,743577.6965529489,nan,0.0,nan,8.532151699066162,True
10,100,2500,0.005,925.8810253973954,10,350.0,743577.6965529489,nan,0.0,nan,8.505780458450317,True
10,100,2500,0.005,857.2556731909325,10,350.0,743577.6965529489,nan,0.0,nan,8.707973718643188,True
10,100,2500,0.005,793.7167617217551,10,350.0,743577.6965529489,nan,0.0,nan,8.421844005584717,True
10,100,2500,0.005,734.8872892180387,10,350.0,743577.6965529489,nan,0.0,nan,8.867248296737671,True
10,100,2500,0.005,680.4181968927101,10,350.0,743577.6965529489,nan,0.0,nan,8.184991836547852,True
10,100,2500,0.005,629.9862978380693,10,350.0,743577.6965529489,nan,0.0,nan,8.833753824234009,True
10,100,2500,0.005,583.2923594286206,10,350.0,743577.6965529489,nan,0.0,nan,8.655120134353638,True
10,100,2500,0.005,540.0593278542374,10,350.0,743577.6965529489,nan,0.0,nan,8.175088167190552,True
10,100,2500,0.005,500.03068424910947,10,350.0,743577.6965529489,nan,0.0,nan,8.973167419433594,True
10,100,2500,0.005,462.96892266272675,10,350.0,743577.6965529489,nan,0.0,nan,8.547439336776733,True
10,100,2500,0.005,428.6541408420925,10,350.0,743577.6965529489,nan,0.0,nan,9.003008604049683,True
10,100,2500,0.005,396.8827354637166,10,350.0,743577.6965529489,nan,0.0,nan,8.937555313110352,True
10,100,2500,0.005,367.4661940736688,10,350.0,743577.6965529489,nan,0.0,nan,8.172144174575806,True
10,100,2500,0.005,340.2299765678068,10,350.0,743577.6965529489,nan,0.0,nan,8.361942529678345,True
10,100,2500,0.005,315.0124795755328,10,350.0,743577.6965529489,nan,0.0,nan,8.85868215560913,True
10,100,2500,0.005,291.66407760237036,10,350.0,743577.6965529489,nan,0.0,nan,8.555651664733887,True
10,100,2500,0.005,270.04623524206824,10,350.0,743577.6965529489,nan,0.0,nan,8.949828863143921,True
10,100,2500,0.005,250.0306851906324,10,350.0,743577.6965529489,nan,0.0,nan,8.952233076095581,True
10,100,2500,0.005,231.4986671851161,10,350.0,743577.6965529489,nan,0.0,nan,8.95206332206726,True
10,100,2500,0.005,214.34022335148566,10,350.0,743577.6965529489,nan,0.0,nan,8.22288179397583,True
10,100,2500,0.005,198.45354578058033,10,350.0,743577.6965529489,nan,0.0,nan,8.945282220840454,True
10,100,2500,0.005,183.74437246107266,10,350.0,743577.6965529489,nan,0.0,nan,8.178654432296753,True
10,100,2500,0.005,170.1254279852589,10,350.0,743577.6965529489,nan,0.0,nan,8.645915508270264,True
10,100,2500,0.005,157.5159057091623,10,350.0,743577.6965529489,nan,0.0,nan,8.315038442611694,True
10,100,2500,0.005,145.84098829439864,10,350.0,743577.6965529489,nan,0.0,nan,8.930873394012451,True
10,100,2500,0.005,135.03140378698737,10,350.0,743577.6965529489,nan,0.0,nan,8.500203609466553,True
10,100,2500,0.005,125.0230145991456,10,350.0,743577.6965529489,nan,0.0,nan,8.21825361251831,True
10,100,2500,0.005,115.75643695533047,10,350.0,743577.6965529489,nan,0.0,nan,8.997217893600464,True
10,100,2500,0.005,107.17668854455034,10,350.0,743577.6965529489,nan,0.0,nan,8.935736894607544,True
10,100,2500,0.005,99.2328622883255,10,350.0,743577.6965529489,nan,0.0,nan,8.948328733444214,True
10,100,2500,0.005,91.87782428863335,10,350.0,743577.6965529489,nan,0.0,nan,8.985218524932861,True
10,100,2500,0.005,85.06793416364158,10,350.0,743577.6965529489,nan,0.0,nan,8.553846836090088,True
10,100,2500,0.005,78.7627861118706,10,350.0,743577.6965529489,nan,0.0,nan,8.667358875274658,True
10,100,2500,0.005,72.92496916841448,10,350.0,743577.6965529489,nan,0.0,nan,8.565782070159912,True
10,100,2500,0.005,67.51984523072505,10,350.0,743577.6965529489,nan,0.0,nan,8.180434942245483,True
10,100,2500,0.005,62.51534353689715,10,350.0,743577.6965529489,nan,0.0,nan,8.996807098388672,True
10,100,2500,0.005,57.88177037701277,10,350.0,743577.6965529489,nan,0.0,nan,8.393038034439087,True
10,100,2500,0.005,53.591632908485145,10,350.0,743577.6965529489,nan,0.0,nan,8.748893737792969,True
10,100,2500,0.005,49.61947603002903,10,350.0,743577.6965529489,nan,0.0,nan,8.950747728347778,True
10,100,2500,0.005,45.94173134636476,10,350.0,743577.6965529489,nan,0.0,nan,8.449851751327515,True
10,100,2500,0.005,42.53657732750387,10,350.0,743577.6965529489,nan,0.0,nan,8.934804677963257,True
10,100,2500,0.005,39.38380983288489,10,350.0,743577.6965529489,nan,0.0,nan,8.877787590026855,True
10,100,2500,0.005,36.464722232127485,10,350.0,743577.6965529489,nan,0.0,nan,8.186367273330688,True
10,100,2500,0.005,33.7619944111134,10,350.0,743577.6965529489,nan,0.0,nan,9.02267050743103,True
10,100,2500,0.005,31.25959000482281,10,350.0,743577.6965529489,nan,0.0,nan,9.00358533859253,True
10,100,2500,0.005,28.942661247167518,10,350.0,743577.6965529489,nan,0.0,nan,8.567867755889893,True
10,100,2500,0.005,26.797460873256924,10,350.0,743577.6965529489,nan,0.0,nan,8.211738348007202,True
10,100,2500,0.005,24.811260551377703,10,350.0,743577.6965529489,nan,0.0,nan,8.368747234344482,True
10,100,2500,0.005,22.972275360711524,10,350.0,743577.6965529489,nan,0.0,nan,8.173704147338867,True
10,100,2500,0.005,21.269593866686908,10,350.0,743577.6965529489,nan,0.0,nan,8.19486379623413,True
10,100,2500,0.005,19.693113379074227,10,350.0,743577.6965529489,nan,0.0,nan,8.971859216690063,True
10,100,2500,0.005,18.233480008684413,10,350.0,743577.6965529489,nan,0.0,nan,8.32569694519043,True
10,100,2500,0.005,16.882033167003637,10,350.0,743577.6965529489,nan,0.0,nan,8.200754165649414,True
10,100,2500,0.005,15.630754179458165,10,350.0,743577.6965529489,nan,0.0,nan,8.832682847976685,True
10,100,2500,0.005,14.47221870741135,10,350.0,743577.6965529489,nan,0.0,nan,8.306441068649292,True
10,100,2500,0.005,13.39955269659339,10,350.0,743577.6965529489,nan,0.0,nan,8.907408714294434,True
10,100,2500,0.005,12.406391590588324,10,350.0,743577.6965529489,nan,0.0,nan,8.242096900939941,True
10,100,2500,0.005,11.486842567375541,10,350.0,743577.6965529489,nan,0.0,nan,8.973796367645264,True
10,100,2500,0.005,10.635449574860113,10,350.0,743577.6965529489,nan,0.0,nan,8.98227596282959,True
10,100,2500,0.005,9.847160957933774,10,350.0,743577.6965529489,nan,0.0,nan,8.958671808242798,True
10,100,2500,0.005,9.117299484984922,10,350.0,743577.6965529489,nan,0.0,nan,8.42384147644043,True
10,100,2500,0.005,8.441534596012986,10,350.0,743577.6965529489,nan,0.0,nan,8.951006412506104,True
10,100,2500,0.005,7.815856707684091,10,350.0,743577.6965529489,nan,0.0,nan,8.844202995300293,True
10,100,2500,0.005,7.236553422869657,10,350.0,743577.6965529489,nan,0.0,nan,8.94887661933899,True
10,100,2500,0.005,6.70018750350959,10,350.0,743577.6965529489,nan,0.0,nan,8.925058603286743,True
10,100,2500,0.005,6.203576476104275,10,350.0,743577.6965529489,nan,0.0,nan,8.984352827072144,True
10,100,2500,0.005,5.7437737488265865,10,350.0,743577.6965529489,nan,0.0,nan,8.232727289199829,True
10,100,2500,0.005,5.3180511282142024,10,350.0,743577.6965529489,nan,0.0,nan,8.172114849090576,True
10,100,2500,0.005,4.923882631706742,10,350.0,743577.6965529489,nan,0.0,nan,8.814489841461182,True
10,100,2500,0.005,4.558929499981064,10,350.0,743577.6965529489,nan,0.0,nan,8.191988945007324,True
10,100,2500,0.005,4.221026320156903,10,350.0,743577.6965529489,nan,0.0,nan,8.966289520263672,True
10,100,2500,0.005,3.908168177536268,10,350.0,743577.6965529489,nan,0.0,nan,8.995514154434204,True
10,100,2500,0.005,3.6184987596427503,10,350.0,743577.6965529489,nan,0.0,nan,8.636379480361938,True
10,100,2500,0.005,3.3502993419772333,10,350.0,743577.6965529489,nan,0.0,nan,9.006862163543701,True
10,100,2500,0.005,3.101978590138097,10,350.0,743577.6965529489,nan,0.0,nan,8.385766983032227,True
10,100,2500,0.005,2.872063117797828,10,350.0,743577.6965529489,nan,0.0,nan,8.978515148162842,True
10,100,2500,0.005,2.6591887445126936,10,350.0,743577.6965529489,nan,0.0,nan,8.975330114364624,True
10,100,2500,0.005,2.4620924014946257,10,350.0,743577.6965529489,nan,0.0,nan,8.763903379440308,True
10,100,2500,0.005,2.2796046373189798,10,350.0,743577.6965529489,nan,0.0,nan,8.184086084365845,True
10,100,2500,0.005,2.110642679101555,10,350.0,743577.6965529489,nan,0.0,nan,8.373527526855469,True
10,100,2500,0.005,1.9542040079740535,10,350.0,743577.6965529489,nan,0.0,nan,8.955971479415894,True
10,100,2500,0.005,1.8093604107387165,10,350.0,743577.6965529489,nan,0.0,nan,8.403379917144775,True
10,100,2500,0.005,1.6752524724082154,10,350.0,743577.6965529489,nan,0.0,nan,8.195029973983765,True
10,100,2500,0.005,1.5510844769528405,10,350.0,743577.6965529489,nan,0.0,nan,8.190160512924194,True
10,100,2500,0.005,1.4361196859990788,10,350.0,743577.6965529489,nan,0.0,nan,8.765441179275513,True
10,100,2500,0.005,1.3296759674662126,10,350.0,743577.6965529489,nan,0.0,nan,8.946799516677856,True
10,100,2500,0.005,1.2311217482038908,10,350.0,743577.6965529489,nan,0.0,nan,8.406497240066528,True
10,100,2500,0.005,1.1398722666160526,10,350.0,743577.6965529489,nan,0.0,nan,8.911553859710693,True
10,100,2500,0.005,1.0553861030365241,10,350.0,743577.6965529489,nan,0.0,nan,9.008094787597656,True
10,100,2500,0.005,0.9771619672696181,10,350.0,743577.6965529489,nan,0.0,nan,8.20872449874878,True
10,100,2500,0.005,0.9047357242349302,10,350.0,743577.6965529489,nan,0.0,nan,8.612406253814697,True
10,100,2500,0.005,0.8376776400682924,10,350.0,743577.6965529489,nan,0.0,nan,8.19164252281189,True
10,100,2500,0.005,0.775589832338901,10,350.0,743577.6965529489,nan,0.0,nan,8.521924018859863,True
10,100,2500,0.005,0.7181039092537357,10,350.0,743577.6965529489,nan,0.0,nan,8.382771492004395,True
10,100,2500,0.005,0.6648787838417269,10,350.0,743577.6965529489,nan,0.0,nan,8.969949007034302,True
10,100,2500,0.005,0.6155986501483515,10,350.0,743577.6965529489,nan,0.0,nan,8.948183298110962,True
10,100,2500,0.005,0.5699711094326075,10,350.0,743577.6965529489,nan,0.0,nan,8.230930089950562,True
10,100,2500,0.005,0.5277254352483538,10,350.0,743577.6965529489,nan,0.0,nan,9.000216007232666,True
10,100,2500,0.005,0.48861096711603264,10,350.0,743577.6965529489,nan,0.0,nan,8.432996034622192,True
10,100,2500,0.005,0.45239562325380533,10,350.0,743577.6965529489,nan,0.0,nan,8.525145530700684,True
10,100,2500,0.005,0.4188645235435271,10,350.0,743577.6965529489,nan,0.0,nan,8.622496604919434,True
10,100,2500,0.005,0.38781871456107236,10,350.0,743577.6965529489,nan,0.0,nan,8.812291383743286,True
10,100,2500,0.005,0.3590739891061055,10,350.0,743577.6965529489,nan,0.0,nan,8.73811936378479,True
10,100,2500,0.005,0.3324597932270942,10,350.0,743577.6965529489,nan,0.0,nan,8.190924167633057,True
10,100,2500,0.005,0.307818214256508,10,350.0,743577.6965529489,nan,0.0,nan,8.998351097106934,True
10,100,2500,0.005,0.2850030438518108,10,350.0,743577.6965529489,nan,0.0,nan,9.015067100524902,True
10,100,2500,0.005,0.26387891048289347,10,350.0,743577.6965529489,nan,0.0,nan,8.468293190002441,True
10,100,2500,0.005,0.2443204762186489,10,350.0,743577.6965529489,nan,0.0,nan,8.48045015335083,True
10,100,2500,0.005,0.22621169304690264,10,350.0,743577.6965529489,nan,0.0,nan,8.407567977905273,True
10,100,2500,0.005,0.2094451143151471,10,350.0,743577.6965529489,nan,0.0,nan,8.522509336471558,True
10,100,2500,0.005,0.1939212572065831,10,350.0,743577.6965529489,nan,0.0,nan,8.979491472244263,True
10,100,2500,0.005,0.1795480124687832,10,350.0,743577.6965529489,nan,0.0,nan,8.708569765090942,True
10,100,2500,0.005,0.16624009789266136,10,350.0,743577.6965529489,nan,0.0,nan,8.221283197402954,True
10,100,2500,0.005,0.15391855229902068,10,350.0,743577.6965529489,nan,0.0,nan,8.84070873260498,True
10,100,2500,0.005,0.14251026703029993,10,350.0,743577.6965529489,nan,0.0,nan,9.00581693649292,True
10,100,2500,0.005,0.13194755216767073,10,350.0,743577.6965529489,nan,0.0,nan,8.701756477355957,True
10,100,2500,0.005,0.1221677348996793,10,350.0,743577.6965529489,nan,0.0,nan,8.186204195022583,True
10,100,2500,0.005,0.11311278765939213,10,350.0,743577.6965529489,nan,0.0,nan,8.298418283462524,True
10,100,2500,0.005,0.10472898382363585,10,350.0,743577.6965529489,nan,0.0,nan,8.998196125030518,True
10,100,2500,0.005,0.0969665789314552,10,350.0,743577.6965529489,nan,0.0,nan,8.966456890106201,True
10,100,2500,0.005,0.08977951553033332,10,350.0,743577.6965529489,nan,0.0,nan,8.198395252227783,True
10,100,2500,0.005,0.08312514989890632,10,350.0,743577.6965529489,nan,0.0,nan,9.014638662338257,True
10,100,2500,0.005,0.07696399902471167,10,350.0,743577.6965529489,nan,0.0,nan,8.511258840560913,True
10,100,2500,0.005,0.0712595063356841,10,350.0,743577.6965529489,nan,0.0,nan,9.034454107284546,True
10,100,2500,0.005,0.06597782479539546,10,350.0,743577.6965529489,nan,0.0,nan,8.968150615692139,True
10,100,2500,0.005,0.061087616075050394,10,350.0,743577.6965529489,nan,0.0,nan,8.529474020004272,True
10,100,2500,0.005,0.056559864610650136,10,350.0,743577.6965529489,nan,0.0,nan,8.992939233779907,True
10,100,2500,0.005,0.05236770544204655,10,350.0,743577.6965529489,nan,0.0,nan,8.462604522705078,True
10,100,2500,0.005,0.04848626481239078,10,350.0,743577.6965529489,nan,0.0,nan,8.99453091621399,True
10,100,2500,0.005,0.04489251258218608,10,350.0,743577.6965529489,nan,0.0,nan,8.964567422866821,True
10,100,2500,0.005,0.04156512558225988,10,350.0,743577.6965529489,nan,0.0,nan,8.945336103439331,True
10,100,2500,0.005,0.03848436109487433,10,350.0,743577.6965529489,nan,0.0,nan,8.884174585342407,True
10,100,2500,0.005,0.03563193971228584,10,350.0,743577.6965529489,nan,0.0,nan,8.967599153518677,True
10,100,2500,0.005,0.032990936877709424,10,350.0,743577.6965529489,nan,0.0,nan,8.661424160003662,True
10,100,2500,0.005,0.03054568246515432,10,350.0,743577.6965529489,nan,0.0,nan,8.708556652069092,True
10,100,2500,0.005,0.02828166780230035,10,350.0,743577.6965529489,nan,0.0,nan,9.040976285934448,True
10,100,2500,0.005,0.02618545958474233,10,350.0,743577.6965529489,nan,0.0,nan,8.313026189804077,True
10,100,2500,0.005,0.02424462017082331,10,350.0,743577.6965529489,nan,0.0,nan,8.228551864624023,True
10,100,2500,0.005,0.02244763378413224,10,350.0,743577.6965529489,nan,0.0,nan,8.220757961273193,True
10,100,2500,0.005,0.020783838185797595,10,350.0,743577.6965529489,nan,0.0,nan,8.202165365219116,True
10,100,2500,0.005,0.0192433614111598,10,350.0,743577.6965529489,nan,0.0,nan,8.995858669281006,True
10,100,2500,0.005,0.017817063195457325,10,350.0,743577.6965529489,nan,0.0,nan,8.311655044555664,True
10,100,2500,0.005,0.016496480740980205,10,350.0,743577.6965529489,nan,0.0,nan,8.521667003631592,True
10,100,2500,0.005,0.015273778503907156,10,350.0,743577.6965529489,nan,0.0,nan,8.241191148757935,True
10,100,2500,0.005,0.014141701702890239,10,350.0,743577.6965529489,nan,0.0,nan,8.562061309814453,True
10,100,2500,0.005,0.013093533273536122,10,350.0,743577.6965529489,nan,0.0,nan,8.985821962356567,True
10,100,2500,0.005,0.012123054013376528,10,350.0,743577.6965529489,nan,0.0,nan,8.837889194488525,True
10,100,2500,0.005,0.011224505680853081,10,350.0,743577.6965529489,nan,0.0,nan,9.017752885818481,True
10,100,2500,0.005,0.010392556829367131,10,350.0,743577.6965529489,nan,0.0,nan,9.288604259490967,True
10,100,2500,0.005,0.009622271173675135,10,350.0,743577.6965529489,nan,0.0,nan,8.902099847793579,True
10,100,2500,0.005,0.008909078300934143,10,350.0,743577.6965529489,nan,0.0,nan,9.039426803588867,True
10,100,2500,0.005,0.008248746552614582,10,350.0,743577.6965529489,nan,0.0,nan,9.051940202713013,True
10,100,2500,0.005,0.007637357916378027,10,350.0,743577.6965529489,nan,0.0,nan,8.845417022705078,True
10,100,2500,0.005,0.007071284778942996,10,350.0,743577.6965529489,nan,0.0,nan,8.969727993011475,True
10,100,2500,0.005,0.006547168402004743,10,350.0,743577.6965529489,nan,0.0,nan,9.199604034423828,True
10,100,2500,0.005,0.006061898993497572,10,350.0,743577.6965529489,nan,0.0,nan,8.954792737960815,True
10,100,2500,0.005,0.005612597255954977,10,350.0,743577.6965529489,nan,0.0,nan,8.832033395767212,True
10,100,2500,0.005,0.005196597302486197,10,350.0,743577.6965529489,nan,0.0,nan,9.147155523300171,True
10,100,2500,0.005,0.004811430839003265,10,350.0,743577.6965529489,nan,0.0,nan,9.053199291229248,True
10,100,2500,0.005,0.0044548125188449885,10,350.0,743577.6965529489,nan,0.0,nan,8.870750665664673,True
10,100,2500,0.005,0.004124626382901357,10,350.0,743577.6965529489,nan,0.0,nan,8.926684617996216,True
10,100,2500,0.005,0.003818913304781854,10,350.0,743577.6965529489,nan,0.0,nan,8.786959886550903,True
10,100,2500,0.005,0.003535859366535183,10,350.0,743577.6965529489,nan,0.0,nan,8.972130537033081,True
10,100,2500,0.005,0.003273785095948577,10,350.0,743577.6965529489,nan,0.0,nan,8.943170309066772,True
10,100,2500,0.005,0.0030311355015675825,10,350.0,743577.6965529489,nan,0.0,nan,8.923434972763062,True
10,100,2500,0.005,0.0028064708463098388,10,350.0,743577.6965529489,nan,0.0,nan,9.133781671524048,True
10,100,2500,0.005,0.0025984581049292525,10,350.0,743577.6965529489,nan,0.0,nan,8.88886833190918,True
10,100,2500,0.005,0.002405863054644067,10,350.0,743577.6965529489,nan,0.0,nan,9.096650123596191,True
10,100,2500,0.005,0.002227542951999561,10,350.0,743577.6965529489,nan,0.0,nan,8.95399808883667,True
10,100,2500,0.005,0.002062439752514093,10,350.0,743577.6965529489,nan,0.0,nan,8.833716630935669,True
10,100,2500,0.005,0.0019095738328780967,10,350.0,743577.6965529489,nan,0.0,nan,9.242863416671753,True
10,100,2500,0.005,0.0017680381784572086,10,350.0,743577.6965529489,nan,0.0,nan,8.916015148162842,True
10,100,2500,0.005,0.0016369930016117019,10,350.0,743577.6965529489,nan,0.0,nan,9.021054744720459,True
10,100,2500,0.005,0.0015156607589006043,10,350.0,743577.6965529489,nan,0.0,nan,8.96466851234436,True
10,100,2500,0.005,0.0014033215376054848,10,350.0,743577.6965529489,nan,0.0,nan,9.383760213851929,True
10,100,2500,0.005,0.0012993087842004172,10,350.0,743577.6965529489,nan,0.0,nan,9.12451720237732,True
10,100,2500,0.005,0.0012030053494233243,10,350.0,743577.6965529489,nan,0.0,nan,9.238804817199707,True
10,100,2500,0.005,0.0011138398264826206,10,350.0,743577.6965529489,nan,0.0,nan,9.180473566055298,True
10,100,2500,0.005,0.0010312831606721848,10,350.0,743577.6965529489,nan,0.0,nan,9.075412511825562,True
10,100,2500,0.005,0.0009548455102782303,10,350.0,743577.6965529489,nan,0.0,nan,9.213522672653198,True
10,100,2500,0.005,0.0008840733401525063,10,350.0,743577.6965529489,nan,0.0,nan,8.882368326187134,True
10,100,2500,0.005,0.0008185467307069037,10,350.0,743577.6965529489,nan,0.0,nan,8.865067720413208,True
10,100,2500,0.005,0.000757876886362593,10,350.0,743577.6965529489,nan,0.0,nan,9.237785339355469,True
10,100,2500,0.005,0.0007017038286703836,10,350.0,743577.6965529489,nan,0.0,nan,9.050445795059204,True
10,100,2500,0.005,0.0006496942604146124,10,350.0,743577.6965529489,nan,0.0,nan,9.463581085205078,True
10,100,2500,0.005,0.0006015395880274845,10,350.0,743577.6965529489,nan,0.0,nan,8.903912782669067,True
10,100,2500,0.005,0.0005569540905800136,10,350.0,743577.6965529489,nan,0.0,nan,9.032675504684448,True
10,100,2500,0.005,0.0005156732244854974,10,350.0,743577.6965529489,nan,0.0,nan,9.303931951522827,True
10,100,2500,0.005,0.00047745205385661313,10,350.0,743577.6965529489,nan,0.0,nan,9.321720123291016,True
10,100,2500,0.005,0.0004420637972028539,10,350.0,743577.6965529489,nan,0.0,nan,9.089760065078735,True
10,100,2500,0.005,0.00040929848184524426,10,350.0,743577.6965529489,nan,0.0,nan,9.09598183631897,True
10,100,2500,0.005,0.00037896169806447236,10,350.0,743577.6965529489,nan,0.0,nan,9.166172742843628,True
10,100,2500,0.005,0.00035087344559027147,10,350.0,743577.6965529489,nan,0.0,nan,9.484012842178345,True
10,100,2500,0.005,0.00032486706558783747,10,350.0,743577.6965529489,nan,0.0,nan,9.390300512313843,True
10,100,2500,0.005,0.00030078825180431017,10,350.0,743577.6965529489,nan,0.0,nan,9.15462064743042,True
10,100,2500,0.005,0.0002784941350080644,10,350.0,743577.6965529489,nan,0.0,nan,9.308419942855835,True
10,100,2500,0.005,0.00025785243528842763,10,350.0,743577.6965529489,nan,0.0,nan,9.03374171257019,True
10,100,2500,0.005,0.0002387406771860647,10,350.0,743577.6965529489,nan,0.0,nan,9.707528114318848,True
10,100,2500,0.005,0.0002210454629971024,10,350.0,743577.6965529489,nan,0.0,nan,9.68309998512268,True
10,100,2500,0.005,0.00020466179993919897,10,350.0,743577.6965529489,nan,0.0,nan,9.296952724456787,True
10,100,2500,0.005,0.00018949247718738236,10,350.0,743577.6965529489,nan,0.0,nan,9.13291883468628,True
10,100,2500,0.005,0.00017544748908334597,10,350.0,743577.6965529489,nan,0.0,nan,9.144724607467651,True
10,100,2500,0.005,0.0001624435010958869,10,350.0,743577.6965529489,nan,0.0,nan,9.249122619628906,True
10,100,2500,0.005,0.00015040335536380253,10,350.0,743577.6965529489,nan,0.0,nan,9.6307532787323,True
10,100,2500,0.005,0.0001392556128874465,10,350.0,743577.6965529489,nan,0.0,nan,9.476310014724731,True
10,100,2500,0.005,0.00012893412965257157,10,350.0,743577.6965529489,nan,0.0,nan,9.718341827392578,True
10,100,2500,0.005,0.00011937766417144381,10,350.0,743577.6965529489,nan,0.0,nan,9.880858182907104,True
10,100,2500,0.005,0.0001105295141126022,10,350.0,743577.6965529489,nan,0.0,nan,9.718147039413452,True
10,100,2500,0.005,0.00010233717986325213,10,350.0,743577.6965529489,nan,0.0,nan,9.584770917892456,True
10,100,2500,0.005,9.475205302806548e-05,10,350.0,743577.6965529489,nan,0.0,nan,9.603995561599731,True
10,100,2500,0.005,8.772912801613374e-05,10,350.0,743577.6965529489,nan,0.0,nan,9.537296056747437,True
10,100,2500,0.005,8.12267350047972e-05,10,350.0,743577.6965529489,nan,0.0,nan,9.983547687530518,True
10,100,2500,0.005,7.520629269592422e-05,10,350.0,743577.6965529489,nan,0.0,nan,9.883143901824951,True
10,100,2500,0.005,6.96320793976389e-05,10,350.0,743577.6965529489,nan,0.0,nan,9.479482173919678,True
10,100,2500,0.005,6.44710210732387e-05,10,350.0,743577.6965529489,nan,0.0,nan,9.539408206939697,True
10,100,2500,0.005,5.96924950997074e-05,10,350.0,743577.6965529489,nan,0.0,nan,9.466503858566284,True
10,100,2500,0.005,5.526814857144603e-05,10,350.0,743577.6965529489,nan,0.0,nan,9.679680585861206,True
10,100,2500,0.005,5.11717300711461e-05,10,350.0,743577.6965529489,nan,0.0,nan,9.512069463729858,True
10,100,2500,0.005,4.737893390963144e-05,10,350.0,743577.6965529489,nan,0.0,nan,9.540310382843018,True
10,100,2500,0.005,4.3867255910485035e-05,10,350.0,743577.6965529489,nan,0.0,nan,10.018880605697632,True
10,100,2500,0.005,4.0615859883769796e-05,10,350.0,743577.6965529489,nan,0.0,nan,10.031832933425903,True
10,100,2500,0.005,3.760545399658176e-05,10,350.0,743577.6965529489,nan,0.0,nan,9.95572304725647,True
10,100,2500,0.005,3.4818176306889665e-05,10,350.0,743577.6965529489,nan,0.0,nan,9.66801142692566,True
10,100,2500,0.005,3.2237488781490335e-05,10,350.0,743577.6965529489,nan,0.0,nan,9.861718654632568,True
10,100,2500,0.005,2.9848079169243274e-05,10,350.0,743577.6965529489,nan,0.0,nan,9.779223918914795,True
10,100,2500,0.005,2.763577014736163e-05,10,350.0,743577.6965529489,nan,0.0,nan,9.825110912322998,True
10,100,2500,0.005,2.558743520168589e-05,10,350.0,743577.6965529489,nan,0.0,nan,9.670948505401611,True
10,100,2500,0.005,2.3690920741826368e-05,10,350.0,743577.6965529489,nan,0.0,nan,9.374966382980347,True
10,100,2500,0.005,2.19349739890506e-05,10,350.0,743577.6965529489,nan,0.0,nan,9.841845750808716,True
10,100,2500,0.005,2.030917620904739e-05,10,350.0,743577.6965529489,nan,0.0,nan,9.879233837127686,True
10,100,2500,0.005,1.8803880893409167e-05,10,350.0,743577.6965529489,nan,0.0,nan,9.632191896438599,True
10,100,2500,0.005,1.741015652304019e-05,10,350.0,743577.6965529489,nan,0.0,nan,9.845345735549927,True
10,100,2500,0.005,1.6119733573881587e-05,10,350.0,743577.6965529489,nan,0.0,nan,9.517991065979004,True
10,100,2500,0.005,1.4924955450518321e-05,10,350.0,743577.6965529489,nan,0.0,nan,9.756214380264282,True
10,100,2500,0.005,1.3818733056536336e-05,10,350.0,743577.6965529489,nan,0.0,nan,10.218384265899658,True
10,100,2500,0.005,1.2794502732078734e-05,10,350.0,743577.6965529489,nan,0.0,nan,9.970481157302856,True
10,100,2500,0.005,1.1846187309026848e-05,10,350.0,743577.6965529489,nan,0.0,nan,9.792718648910522,True
10,100,2500,0.005,1.096816005273138e-05,10,350.0,743577.6965529489,nan,0.0,nan,10.17372751235962,True
10,100,2500,0.005,1.015521127634569e-05,10,350.0,743577.6965529489,nan,0.0,nan,10.275827884674072,True
10,100,2500,0.005,9.402517429670132e-06,10,350.0,743577.6965529489,nan,0.0,nan,9.840786218643188,True
10,100,2500,0.005,8.705612479099856e-06,10,350.0,743577.6965529489,nan,0.0,nan,9.47312593460083,True
10,100,2500,0.005,8.060361408861362e-06,10,350.0,743577.6965529489,nan,0.0,nan,10.332768440246582,True
10,100,2500,0.005,7.462935686310145e-06,10,350.0,743577.6965529489,nan,0.0,nan,9.983672857284546,True
10,100,2500,0.005,6.909790545715645e-06,10,350.0,743577.6965529489,nan,0.0,nan,10.296815395355225,True
10,100,2500,0.005,6.397643955748424e-06,10,350.0,743577.6965529489,nan,0.0,nan,9.994702339172363,True
10,100,2500,0.005,5.923457145875818e-06,10,350.0,743577.6965529489,nan,0.0,nan,10.262081623077393,True
10,100,2500,0.005,5.484416576121026e-06,10,350.0,743577.6965529489,nan,0.0,nan,10.122893810272217,True
10,100,2500,0.005,5.077917243205403e-06,10,350.0,743577.6965529489,nan,0.0,nan,9.837389707565308,True
10,100,2500,0.005,4.70154722402213e-06,10,350.0,743577.6965529489,nan,0.0,nan,10.15489387512207,True
10,100,2500,0.005,4.353073364731901e-06,10,350.0,743577.6965529489,nan,0.0,nan,9.98103380203247,True
10,100,2500,0.005,4.030428030568059e-06,10,350.0,743577.6965529489,nan,0.0,nan,10.424565315246582,True
10,100,2500,0.005,3.7316968377327556e-06,10,350.0,743577.6965529489,nan,0.0,nan,10.029300689697266,True
10,100,2500,0.005,3.455107294592218e-06,10,350.0,743577.6965529489,nan,0.0,nan,9.99096155166626,True
10,100,2500,0.005,3.1990182847750737e-06,10,350.0,743577.6965529489,nan,0.0,nan,10.36973762512207,True
10,100,2500,0.005,2.9619103297725593e-06,10,350.0,743577.6965529489,nan,0.0,nan,9.66940426826477,True
10,100,2500,0.005,2.742376573264952e-06,10,350.0,743577.6965529489,nan,0.0,nan,9.925597667694092,True
10,100,2500,0.005,2.539114433680347e-06,10,350.0,743577.6965529489,nan,0.0,nan,10.400806665420532,True
10,100,2500,0.005,2.3509178754572842e-06,10,350.0,743577.6965529489,nan,0.0,nan,10.42021107673645,True
10,100,2500,0.005,2.1766702531534636e-06,10,350.0,743577.6965529489,nan,0.0,nan,9.933794021606445,True
10,100,2500,0.005,2.0153376859417353e-06,10,350.0,743577.6965529489,nan,0.0,nan,10.460984706878662,True
10,100,2500,0.005,1.865962923181746e-06,10,350.0,743577.6965529489,nan,0.0,nan,9.956841468811035,True
10,100,2500,0.005,1.7276596646690347e-06,10,350.0,743577.6965529489,nan,0.0,nan,10.34377145767212,True
10,100,2500,0.005,1.5996073018614912e-06,10,350.0,743577.6965529489,nan,0.0,nan,9.942038774490356,True
10,100,2500,0.005,1.481046048880677e-06,10,350.0,743577.6965529489,nan,0.0,nan,9.98738980293274,True
10,100,2500,0.005,1.371272434398401e-06,10,350.0,743577.6965529489,nan,0.0,nan,10.233459949493408,True
10,100,2500,0.005,1.2696351276599729e-06,10,350.0,743577.6965529489,nan,0.0,nan,10.028023481369019,True
10,100,2500,0.005,1.1755310738783723e-06,10,350.0,743577.6965529489,nan,0.0,nan,10.615930557250977,True
10,100,2500,0.005,1.0884019160690078e-06,10,350.0,743577.6965529489,nan,0.0,nan,9.755807876586914,True
10,100,2500,0.005,1e-07,10,350.0,743577.6965529489,nan,0.0,nan,9.414517641067505,True
10,100,2500,0.005,1.0077306820944618e-06,10,350.0,743577.6965529489,nan,0.0,nan,10.011296033859253,True
10,100,2500,0.005,8.531678524172814e-08,10,350.0,743577.6965529489,nan,0.0,nan,9.393536567687988,True
10,100,2500,0.005,7.278953843983146e-08,10,350.0,743577.6965529489,nan,0.0,nan,9.391562461853027,True
10,100,2500,0.005,9.33038717262036e-07,10,350.0,743577.6965529489,nan,0.0,nan,10.198649883270264,True
10,100,2500,0.005,6.210169418915617e-08,10,350.0,743577.6965529489,nan,0.0,nan,9.40544843673706,True
10,100,2500,0.005,8.638828442740472e-07,10,350.0,743577.6965529489,nan,0.0,nan,10.19747543334961,True
10,100,2500,0.005,5.298316906283713e-08,10,350.0,743577.6965529489,nan,0.0,nan,9.394152641296387,True
10,100,2500,0.005,7.998527336796724e-07,10,350.0,743577.6965529489,nan,0.0,nan,10.023216485977173,True
10,100,2500,0.005,4.5203536563602405e-08,10,350.0,743577.6965529489,nan,0.0,nan,9.387477159500122,True
10,100,2500,0.005,7.405684692262442e-07,10,350.0,743577.6965529489,nan,0.0,nan,10.534372329711914,True
10,100,2500,0.005,3.8566204211634724e-08,10,350.0,743577.6965529489,nan,0.0,nan,9.406880378723145,True
10,100,2500,0.005,6.856782936641738e-07,10,350.0,743577.6965529489,nan,0.0,nan,10.19061803817749,True
10,100,2500,0.005,1e-07,10,350.0,743577.6965529489,nan,0.0,nan,10.0205717086792,True
10,100,2500,0.005,3.290344562312671e-08,10,350.0,743577.6965529489,nan,0.0,nan,9.389281272888184,True
10,100,2500,0.005,6.348565216305236e-07,10,350.0,743577.6965529489,nan,0.0,nan,10.041447162628174,True
10,100,2500,0.005,8.531678524172814e-08,10,350.0,743577.6965529489,nan,0.0,nan,9.982818365097046,True
10,100,2500,0.005,2.8072162039411755e-08,10,350.0,743577.6965529489,nan,0.0,nan,9.406001329421997,True
10,100,2500,0.005,5.878016072274924e-07,10,350.0,743577.6965529489,nan,0.0,nan,9.866681337356567,True
10,100,2500,0.005,7.278953843983146e-08,10,350.0,743577.6965529489,nan,0.0,nan,9.996009588241577,True
10,100,2500,0.005,2.395026619987486e-08,10,350.0,743577.6965529489,nan,0.0,nan,9.406202554702759,True
10,100,2500,0.005,5.442343548300272e-07,10,350.0,743577.6965529489,nan,0.0,nan,10.126140117645264,True
10,100,2500,0.005,6.210169418915617e-08,10,350.0,743577.6965529489,nan,0.0,nan,9.975287675857544,True
10,100,2500,0.005,2.0433597178569395e-08,10,350.0,743577.6965529489,nan,0.0,nan,9.38957929611206,True
10,100,2500,0.005,5.038962625065151e-07,10,350.0,743577.6965529489,nan,0.0,nan,10.039608478546143,True
10,100,2500,0.005,5.298316906283713e-08,10,350.0,743577.6965529489,nan,0.0,nan,10.005022048950195,True
10,100,2500,0.005,1.743328822199987e-08,10,350.0,743577.6965529489,nan,0.0,nan,9.400388717651367,True
10,100,2500,0.005,4.6654798822344683e-07,10,350.0,743577.6965529489,nan,0.0,nan,10.644741773605347,True
10,100,2500,0.005,4.5203536563602405e-08,10,350.0,743577.6965529489,nan,0.0,nan,10.026745557785034,True
10,100,2500,0.005,1.4873521072935118e-08,10,350.0,743577.6965529489,nan,0.0,nan,9.39753246307373,True
10,100,2500,0.005,4.319679297334182e-07,10,350.0,743577.6965529489,nan,0.0,nan,10.460527181625366,True
10,100,2500,0.005,3.8566204211634724e-08,10,350.0,743577.6965529489,nan,0.0,nan,10.018747091293335,True
10,100,2500,0.005,1.2689610031679234e-08,10,350.0,743577.6965529489,nan,0.0,nan,9.410705089569092,True
10,100,2500,0.005,3.290344562312671e-08,10,350.0,743577.6965529489,nan,0.0,nan,10.016191244125366,True
10,100,2500,0.005,1.0826367338740541e-08,10,350.0,743577.6965529489,nan,0.0,nan,9.391021013259888,True
10,100,2500,0.005,3.9995090972036695e-07,10,350.0,743577.6965529489,nan,0.0,nan,10.679345846176147,True
10,100,2500,0.005,9.236708571873846e-09,10,350.0,743577.6965529489,nan,0.0,nan,9.41165828704834,True
10,100,2500,0.005,2.8072162039411755e-08,10,350.0,743577.6965529489,nan,0.0,nan,10.01820421218872,True
10,100,2500,0.005,3.703069584005141e-07,10,350.0,743577.6965529489,nan,0.0,nan,10.666931629180908,True
10,100,2500,0.005,7.880462815669905e-09,10,350.0,743577.6965529489,nan,0.0,nan,9.398893117904663,True
10,100,2500,0.005,2.395026619987486e-08,10,350.0,743577.6965529489,nan,0.0,nan,9.994102001190186,True
10,100,2500,0.005,3.428601863556583e-07,10,350.0,743577.6965529489,nan,0.0,nan,10.171384572982788,True
10,100,2500,0.005,6.723357536499335e-09,10,350.0,743577.6965529489,nan,0.0,nan,9.405991315841675,True
10,100,2500,0.005,2.0433597178569395e-08,10,350.0,743577.6965529489,nan,0.0,nan,10.011118173599243,True
10,100,2500,0.005,3.1744774091092e-07,10,350.0,743577.6965529489,nan,0.0,nan,10.228942155838013,True
10,100,2500,0.005,5.7361525104486815e-09,10,350.0,743577.6965529489,nan,0.0,nan,9.399730443954468,True
10,100,2500,0.005,1.743328822199987e-08,10,350.0,743577.6965529489,nan,0.0,nan,10.008178949356079,True
10,100,2500,0.005,2.9391883986468903e-07,10,350.0,743577.6965529489,nan,0.0,nan,10.520179033279419,True
10,100,2500,0.005,4.893900918477499e-09,10,350.0,743577.6965529489,nan,0.0,nan,9.408948421478271,True
10,100,2500,0.005,1.4873521072935118e-08,10,350.0,743577.6965529489,nan,0.0,nan,10.011618614196777,True
10,100,2500,0.005,2.721338768375309e-07,10,350.0,743577.6965529489,nan,0.0,nan,10.389416933059692,True
10,100,2500,0.005,4.175318936560392e-09,10,350.0,743577.6965529489,nan,0.0,nan,9.405277252197266,True
10,100,2500,0.005,1.2689610031679234e-08,10,350.0,743577.6965529489,nan,0.0,nan,10.003987789154053,True
10,100,2500,0.005,2.5196359293170135e-07,10,350.0,743577.6965529489,nan,0.0,nan,10.671050071716309,True
10,100,2500,0.005,3.5622478902624368e-09,10,350.0,743577.6965529489,nan,0.0,nan,9.415098190307617,True
10,100,2500,0.005,1.0826367338740541e-08,10,350.0,743577.6965529489,nan,0.0,nan,10.001947164535522,True
10,100,2500,0.005,2.332883097864163e-07,10,350.0,743577.6965529489,nan,0.0,nan,10.741665601730347,True
10,100,2500,0.005,3.039195382313195e-09,10,350.0,743577.6965529489,nan,0.0,nan,9.432239532470703,True
10,100,2500,0.005,9.236708571873846e-09,10,350.0,743577.6965529489,nan,0.0,nan,10.012397289276123,True
10,100,2500,0.005,2.1599721947827215e-07,10,350.0,743577.6965529489,nan,0.0,nan,10.264499425888062,True
10,100,2500,0.005,2.592943797404667e-09,10,350.0,743577.6965529489,nan,0.0,nan,9.422510623931885,True
10,100,2500,0.005,7.880462815669905e-09,10,350.0,743577.6965529489,nan,0.0,nan,9.976520538330078,True
10,100,2500,0.005,2.21221629107045e-09,10,350.0,743577.6965529489,nan,0.0,nan,9.416531085968018,True
10,100,2500,0.005,1.999877270535287e-07,10,350.0,743577.6965529489,nan,0.0,nan,10.217395782470703,True
10,100,2500,0.005,6.723357536499335e-09,10,350.0,743577.6965529489,nan,0.0,nan,9.990419149398804,True
10,100,2500,0.005,1.8873918221350994e-09,10,350.0,743577.6965529489,nan,0.0,nan,9.420464515686035,True
10,100,2500,0.005,1.8516484179121542e-07,10,350.0,743577.6965529489,nan,0.0,nan,10.446921110153198,True
10,100,2500,0.005,5.7361525104486815e-09,10,350.0,743577.6965529489,nan,0.0,nan,10.01721477508545,True
10,100,2500,0.005,1.6102620275609425e-09,10,350.0,743577.6965529489,nan,0.0,nan,9.418931722640991,True
10,100,2500,0.005,1.7144061358519755e-07,10,350.0,743577.6965529489,nan,0.0,nan,10.65303659439087,True
10,100,2500,0.005,4.893900918477499e-09,10,350.0,743577.6965529489,nan,0.0,nan,9.994224548339844,True
10,100,2500,0.005,1.373823795883261e-09,10,350.0,743577.6965529489,nan,0.0,nan,9.427875280380249,True
10,100,2500,0.005,1.587336111010212e-07,10,350.0,743577.6965529489,nan,0.0,nan,10.307124853134155,True
10,100,2500,0.005,4.175318936560392e-09,10,350.0,743577.6965529489,nan,0.0,nan,9.979305028915405,True
10,100,2500,0.005,1.1721022975334794e-09,10,350.0,743577.6965529489,nan,0.0,nan,9.437138557434082,True
10,100,2500,0.005,1.4696843861124475e-07,10,350.0,743577.6965529489,nan,0.0,nan,10.032478094100952,True
10,100,2500,0.005,3.5622478902624368e-09,10,350.0,743577.6965529489,nan,0.0,nan,10.00365924835205,True
10,100,2500,0.005,1e-09,10,350.0,743577.6965529489,nan,0.0,nan,9.427982568740845,True
10,100,2500,0.005,1.3607528864243332e-07,10,350.0,743577.6965529489,nan,0.0,nan,10.137697458267212,True
10,100,2500,0.005,3.039195382313195e-09,10,350.0,743577.6965529489,nan,0.0,nan,10.013071298599243,True
10,100,2500,0.005,1.259895277795031e-07,10,350.0,743577.6965529489,nan,0.0,nan,10.287496328353882,True
10,100,2500,0.005,2.592943797404667e-09,10,350.0,743577.6965529489,nan,0.0,nan,9.989684581756592,True
10,100,2500,0.005,1.1665131316981985e-07,10,350.0,743577.6965529489,nan,0.0,nan,10.190359354019165,True
10,100,2500,0.005,2.21221629107045e-09,10,350.0,743577.6965529489,nan,0.0,nan,10.011225461959839,True
10,100,2500,0.005,1.080052374516254e-07,10,350.0,743577.6965529489,nan,0.0,nan,10.519579887390137,True
10,100,2500,0.005,1.8873918221350994e-09,10,350.0,743577.6965529489,nan,0.0,nan,10.006094694137573,True
10,100,2500,0.005,1e-07,10,350.0,743577.6965529489,nan,0.0,nan,10.326171159744263,True
10,100,2500,0.005,1.6102620275609425e-09,10,350.0,743577.6965529489,nan,0.0,nan,10.020481824874878,True
10,100,2500,0.005,1.373823795883261e-09,10,350.0,743577.6965529489,nan,0.0,nan,10.000867366790771,True
10,100,2500,0.005,1.1721022975334794e-09,10,350.0,743577.6965529489,nan,0.0,nan,9.995296955108643,True
10,100,2500,0.005,1e-09,10,350.0,743577.6965529489,nan,0.0,nan,10.01038146018982,True
