T,p,N,Lamb1,Lamb2,Recall_1,Precision_1,F1 score-1,Recall_2,Precision_2,F1 score-2,Recall_3,Precision_3,F1 score-3,Recall_avg,Precision_avg,F1 score-avg, BIC,runtime(s), total edges(directed)
3,65,200,100,0.001,0,NA,NA,0,NA,NA,0,NA,NA,0,NA,NA,-65422.1620258462,0.087,0
3,65,200,91.1588829975082,0.001,0,NA,NA,0,NA,NA,0,NA,NA,0,NA,NA,-65422.1620258462,0.035,0
3,65,200,83.099419493534,0.001,0,NA,NA,0,NA,NA,0,NA,NA,0,NA,NA,-65422.1620258462,0.036,0
3,65,200,75.7525025877191,0.001,0,NA,NA,0,NA,NA,0,NA,NA,0,NA,NA,-65422.1620258462,0.04,0
3,65,200,69.0551352016233,0.001,0,NA,NA,0,NA,NA,0,NA,NA,0,NA,NA,-65422.1620258462,0.0279999999999998,0
3,65,200,62.9498899022189,0.001,0,NA,NA,0,NA,NA,0,NA,NA,0,NA,NA,-65422.1620258462,0.036,0
3,65,200,57.384416483024,0.001,0,NA,NA,0,NA,NA,0,NA,NA,0,NA,NA,-65422.1620258462,0.028,0
3,65,200,52.3109930805626,0.001,0,NA,NA,0,NA,NA,0,NA,NA,0,NA,NA,-65422.1620258462,0.036,0
3,65,200,47.6861169771447,0.001,0,NA,NA,0,NA,NA,0,NA,NA,0,NA,NA,-65422.1620258462,0.028,0
3,65,200,43.4701315812502,0.001,0,NA,NA,0,NA,NA,0,NA,NA,0,NA,NA,-65422.1620258462,0.036,0
3,65,200,39.6268863870148,0.001,0,NA,NA,0,NA,NA,0,NA,NA,0,NA,NA,-65422.1620258462,0.028,0
3,65,200,36.1234269970943,0.001,0,NA,NA,0,NA,NA,0,NA,NA,0,NA,NA,-65422.1620258462,0.0290000000000001,0
3,65,200,32.9297125509715,0.001,0,NA,NA,0,NA,NA,0,NA,NA,0,NA,NA,-65422.1620258462,0.0290000000000001,0
3,65,200,30.0183581357559,0.001,0,NA,NA,0,NA,NA,0,NA,NA,0,NA,NA,-65422.1620258462,0.028,0
3,65,200,27.3643999707467,0.001,0,NA,NA,0,NA,NA,0,NA,NA,0,NA,NA,-65422.1620258462,0.036,0
3,65,200,24.9450813523032,0.001,0,NA,NA,0,NA,NA,0,NA,NA,0,NA,NA,-65422.1620258462,0.0289999999999999,0
3,65,200,22.7396575235793,0.001,0,NA,NA,0,NA,NA,0,NA,NA,0,NA,NA,-65422.1620258462,0.0349999999999999,0
3,65,200,20.7292177959537,0.001,0,NA,NA,0,NA,NA,0,NA,NA,0,NA,NA,-65422.1620258462,0.028,0
3,65,200,18.8965233969121,0.001,0,NA,NA,0,NA,NA,0,NA,NA,0,NA,NA,-65422.1620258462,0.0350000000000001,0
3,65,200,17.2258596539879,0.001,0,NA,NA,0,NA,NA,0,NA,NA,0,NA,NA,-65422.1620258462,0.0289999999999999,0
3,65,200,15.7029012472938,0.001,0,NA,NA,0,NA,NA,0,NA,NA,0,NA,NA,-65422.1620258462,0.036,0
3,65,200,14.3145893752348,0.001,0,NA,NA,0,NA,NA,0,NA,NA,0,NA,NA,-65422.1620258462,0.028,0
3,65,200,13.049019780144,0.001,0,NA,NA,0,NA,NA,0,NA,NA,0,NA,NA,-65422.1620258462,0.036,0
3,65,200,11.8953406737032,0.001,0,NA,NA,0,NA,NA,0,NA,NA,0,NA,NA,-65422.1620258462,0.028,0
3,65,200,10.8436596868961,0.001,0,NA,NA,0,NA,NA,0,NA,NA,0,NA,NA,-65422.1620258462,0.0370000000000001,0
3,65,200,9.88495904662559,0.001,0,NA,NA,0,NA,NA,0,NA,NA,0,NA,NA,-65422.1620258462,0.028,0
3,65,200,9.01101825166502,0.001,0,NA,NA,0,NA,NA,0,NA,NA,0,NA,NA,-65422.1620258462,0.0279999999999998,0
3,65,200,8.21434358491943,0.001,0,NA,NA,0,NA,NA,0,NA,NA,0,NA,NA,-65422.1620258462,0.036,0
3,65,200,7.48810385759002,0.001,0,NA,NA,0,NA,NA,0,NA,NA,0,NA,NA,-65422.1620258462,0.028,0
3,65,200,6.82607183427239,0.001,0,NA,NA,0,NA,NA,0,NA,NA,0,NA,NA,-65422.1620258462,0.0369999999999999,0
3,65,200,6.22257083673023,0.001,0,NA,NA,0,NA,NA,0,NA,NA,0,NA,NA,-65422.1620258462,0.0289999999999999,0
3,65,200,5.67242606849198,0.001,0,NA,NA,0,NA,NA,0,NA,NA,0,NA,NA,-65422.1620258462,0.0350000000000001,0
3,65,200,5.17092024289676,0.001,0,NA,NA,0,NA,NA,0,NA,NA,0,NA,NA,-65422.1620258462,0.0290000000000001,0
3,65,200,4.71375313411672,0.001,0,NA,NA,0,NA,NA,0,NA,NA,0,NA,NA,-65422.1620258462,0.0349999999999997,0
3,65,200,4.29700470432084,0.001,0,NA,NA,0,NA,NA,0,NA,NA,0,NA,NA,-65422.1620258462,0.0289999999999999,0
3,65,200,3.91710149080926,0.001,0,NA,NA,0,NA,NA,0,NA,NA,0,NA,NA,-65422.1620258462,0.036,0
3,65,200,3.57078596490046,0.001,0,NA,NA,0,NA,NA,0,NA,NA,0,NA,NA,-65422.1620258462,0.028,0
3,65,200,3.25508859983506,0.001,0,NA,NA,0,NA,NA,0,NA,NA,0,NA,NA,-65422.1620258462,0.036,0
3,65,200,2.96730240818887,0.001,0,NA,NA,0,NA,NA,0,NA,NA,0,NA,NA,-65422.1620258462,0.04,0
3,65,200,2.70495973046313,0.001,0,NA,NA,0,NA,NA,0,NA,NA,0,NA,NA,-65422.1620258462,0.0419999999999998,0
3,65,200,2.4658110758226,0.001,0,NA,NA,0,NA,NA,0,NA,NA,0,NA,NA,-65422.1620258462,0.044,0
3,65,200,2.24780583354873,0.001,0,NA,NA,0,NA,NA,0,NA,NA,0,NA,NA,-65422.1620258462,0.0289999999999999,0
3,65,200,2.04907468981585,0.001,0,NA,NA,0,NA,NA,0,NA,NA,0,NA,NA,-65422.1620258462,0.0349999999999997,0
3,65,200,1.86791359902078,0.001,0,NA,NA,0,NA,NA,0,NA,NA,0,NA,NA,-65422.1620258462,0.0289999999999999,0
3,65,200,1.7027691722259,0.001,0,NA,NA,0,NA,NA,0,NA,NA,0,NA,NA,-65422.1620258462,0.0350000000000001,0
3,65,200,1.55222535742705,0.001,0,NA,NA,0,NA,NA,0,NA,NA,0,NA,NA,-65422.1620258462,0.0290000000000004,0
3,65,200,1.41499129743458,0.001,0,NA,NA,0,NA,NA,0,NA,NA,0,NA,NA,-65422.1620258462,0.0350000000000001,0
3,65,200,1.28989026125331,0.001,0,NA,NA,0,NA,NA,0,NA,NA,0,NA,NA,-65422.1620258462,0.0289999999999999,0
3,65,200,1.17584955405216,0.001,0,NA,NA,0,NA,NA,0,NA,NA,0,NA,NA,-65422.1620258462,0.036,0
3,65,200,1.07189131920513,0.001,0,NA,NA,0,NA,NA,0,NA,NA,0,NA,NA,-65422.1620258462,0.028,0
3,65,200,0.97712415353465,0.001,0,NA,NA,0,NA,NA,0,NA,NA,0,NA,NA,-65422.1620258462,0.036,0
3,65,200,0.890735463861044,0.001,0,NA,NA,0,NA,NA,0,NA,NA,0,NA,NA,-65422.1620258462,0.0289999999999999,0
3,65,200,0.811984499318401,0.001,0,NA,NA,0,NA,NA,0,NA,NA,0,NA,NA,-65422.1620258462,0.036,0
3,65,200,0.740195999691564,0.001,0,NA,NA,0,NA,NA,0,NA,NA,0,NA,NA,-65422.1620258462,0.028,0
3,65,200,0.674754405311069,0.001,0,NA,NA,0,NA,NA,0,NA,NA,0,NA,NA,-65422.1620258462,0.0289999999999999,0
3,65,200,0.61509857885805,0.001,0,NA,NA,0,NA,NA,0,NA,NA,0,NA,NA,-65422.1620258462,0.0369999999999999,0
3,65,200,0.560716993820546,0.001,0,NA,NA,0,NA,NA,0,NA,NA,0,NA,NA,-65422.1620258462,0.028,0
3,65,200,0.511143348344017,0.001,0,NA,NA,0,NA,NA,0,NA,NA,0,NA,NA,-65422.1620258462,0.0349999999999997,0
3,65,200,0.465952566866468,0.001,0,NA,NA,0,NA,NA,0,NA,NA,0,NA,NA,-65422.1620258462,0.0289999999999999,0
3,65,200,0.42475715525369,0.001,0,NA,NA,0,NA,NA,0,NA,NA,0,NA,NA,-65422.1620258462,0.0350000000000001,0
3,65,200,0.387203878181255,0.001,0,NA,NA,0,NA,NA,0,NA,NA,0,NA,NA,-65422.1620258462,0.028,0
3,65,200,0.352970730273065,0.001,0,NA,NA,0,NA,NA,0,NA,NA,0,NA,NA,-65422.1620258462,0.036,0
3,65,200,0.321764175025074,0.001,0,NA,NA,0,NA,NA,0,NA,NA,0,NA,NA,-65422.1620258462,0.0299999999999998,0
3,65,200,0.293316627839005,0.001,0,NA,NA,0,NA,NA,0,NA,NA,0,NA,NA,-65422.1620258462,0.0430000000000001,0
3,65,200,0.267384161583995,0.001,0,NA,NA,0,NA,NA,0,NA,NA,0,NA,NA,-65422.1620258462,0.032,0
3,65,200,0.243744415012222,0.001,0,NA,NA,0,NA,NA,0,NA,NA,0,NA,NA,-65422.1620258462,0.0429999999999997,0
3,65,200,0.222194686093952,0.001,0,NA,NA,0,NA,NA,0,NA,NA,0,NA,NA,-65422.1620258462,0.032,0
3,65,200,0.202550193923067,0.001,0,NA,NA,0,NA,NA,0,NA,NA,0,NA,NA,-65422.1620258462,0.0430000000000001,0
3,65,200,0.184642494289554,0.001,0,NA,NA,0,NA,NA,0,NA,NA,0,NA,NA,-65422.1620258462,0.032,0
3,65,200,0.168318035333096,0.001,0,NA,NA,0,NA,NA,0,NA,NA,0,NA,NA,-65422.1620258462,0.0420000000000003,0
3,65,200,0.153436840893001,0.001,0,NA,NA,0,NA,NA,0,NA,NA,0,NA,NA,-65422.1620258462,0.032,0
3,65,200,0.139871310264724,0.001,0,NA,NA,0,NA,NA,0,NA,NA,0,NA,NA,-65422.1620258462,0.0409999999999999,0
3,65,200,0.127505124071301,0.001,0,NA,NA,0,NA,NA,0,NA,NA,0,NA,NA,-65422.1620258462,0.032,0
3,65,200,0.116232246867985,0.001,0,NA,NA,0,NA,NA,0,NA,NA,0,NA,NA,-65422.1620258462,0.0529999999999999,0
3,65,200,0.105956017927762,0.001,0,NA,NA,0,NA,NA,0,NA,NA,0,NA,NA,-65157.2267708678,0.413,2
3,65,200,0.096588322411587,0.001,0,NA,NA,0,NA,NA,0,0,NA,0,NA,NA,-64898.7262892665,0.778999999999999,4
3,65,200,0.0880488358164346,0.001,0,NA,NA,0,NA,NA,0,0,NA,0,NA,NA,-64904.5454674246,0.812,4
3,65,200,0.0802643352225717,0.001,0,0,NA,0,NA,NA,0,0,NA,0,NA,NA,-64116.7609877527,0.885,10
3,65,200,0.0731680714342719,0.001,0,0,NA,0,NA,NA,0,0,NA,0,NA,NA,-63597.2438829167,0.903,14
3,65,200,0.0666991966303012,0.001,0,0,NA,0,NA,NA,0,0,NA,0,NA,NA,-63078.4367918667,1.328,18
3,65,200,0.0608022426164942,0.001,0,0,NA,0,NA,NA,0.00347222222222222,0.2,0.0068259385665529,0.00115740740740741,NA,NA,-60438.97354406,2.198,38
3,65,200,0.0554266452066311,0.001,0,0,NA,0,NA,NA,0.00694444444444444,0.25,0.0135135135135135,0.00231481481481481,NA,NA,-58866.3675691503,2.019,50
3,65,200,0.0505263106533568,0.001,0,0,NA,0,0,NA,0.00694444444444444,0.142857142857143,0.0132450331125828,0.00231481481481481,0.0476190476190476,NA,-55707.8630371535,1.315,74
3,65,200,0.046059220411451,0.001,0.00418410041841004,0.333333333333333,0.00826446280991735,0.00378787878787879,0.5,0.0075187969924812,0.00694444444444444,0.133333333333333,0.0132013201320132,0.00497214121691109,0.322222222222222,0.00966152664480392,-52824.0020590882,1.194,96
3,65,200,0.0419870708444391,0.001,0.00418410041841004,0.166666666666667,0.00816326530612245,0.00378787878787879,0.2,0.00743494423791822,0.00694444444444444,0.125,0.0131578947368421,0.00497214121691109,0.163888888888889,0.00958536809362759,-47826.8911758504,1.326,134
3,65,200,0.0382749447851631,0.001,0.00418410041841004,0.111111111111111,0.00806451612903226,0.00378787878787879,0.2,0.00743494423791822,0.0104166666666667,0.142857142857143,0.0194174757281553,0.0061295486243185,0.151322751322751,0.0116389786983686,-42838.5228809858,1.533,172
3,65,200,0.0348910121340677,0.001,0.00418410041841004,0.0714285714285714,0.00790513833992095,0.0151515151515152,0.4,0.0291970802919708,0.0104166666666667,0.12,0.0191693290734824,0.00991742741219729,0.197142857142857,0.0187571825684581,-36793.883137738,1.727,218
3,65,200,0.0318062569279412,0.001,0.00836820083682008,0.0909090909090909,0.0153256704980843,0.0227272727272727,0.4,0.043010752688172,0.03125,0.290322580645161,0.0564263322884013,0.0207818245213643,0.260410557184751,0.0382542518248859,-29697.5202938375,1.932,272
3,65,200,0.0289942285388288,0.001,0.0292887029288703,0.21875,0.0516605166051661,0.0378787878787879,0.384615384615385,0.0689655172413793,0.03125,0.257142857142857,0.0557275541795666,0.0328058302692194,0.286836080586081,0.0587845293420373,-20219.626362588,1.976,344
3,65,200,0.0264308148697411,0.001,0.0292887029288703,0.2,0.0510948905109489,0.0378787878787879,0.32258064516129,0.0677966101694915,0.0416666666666667,0.292682926829268,0.0729483282674772,0.0362780524914416,0.271754523996853,0.0639466096493059,-10220.3756124904,2.099,420
3,65,200,0.0240940356023952,0.001,0.0418410041841004,0.212765957446809,0.0699300699300699,0.0492424242424242,0.325,0.0855263157894737,0.0416666666666667,0.272727272727273,0.072289156626506,0.0442500316977304,0.270164410058027,0.0759151807820165,2685.9543880692,2.289,518
3,65,200,0.0219638537241655,0.001,0.0418410041841004,0.185185185185185,0.068259385665529,0.0568181818181818,0.3,0.0955414012738853,0.0486111111111111,0.28,0.0828402366863905,0.0490900990377978,0.255061728395062,0.082213674541935,13988.3625074543,2.27,604
3,65,200,0.0200220037181558,0.001,0.0418410041841004,0.178571428571429,0.0677966101694915,0.0681818181818182,0.305084745762712,0.111455108359133,0.0520833333333333,0.283018867924528,0.0879765395894428,0.054035385233084,0.255558347419556,0.0890760860393558,25018.3363731827,2.557,688
3,65,200,0.0182518349431904,0.001,0.0418410041841004,0.161290322580645,0.0664451827242525,0.071969696969697,0.292307692307692,0.115501519756839,0.0520833333333333,0.267857142857143,0.0872093023255814,0.0552980114957102,0.240485052581827,0.0897186682688909,37900.666559852,2.712,786
3,65,200,0.0166381688607613,0.001,0.0460251046025105,0.152777777777778,0.0707395498392283,0.0946969696969697,0.294117647058824,0.143266475644699,0.0590277777777778,0.288135593220339,0.0979827089337176,0.0665832840257526,0.245010339352313,0.103996244805882,57942.2332774565,2.63,938
3,65,200,0.0151671688847092,0.001,0.0543933054393305,0.152941176470588,0.0802469135802469,0.125,0.305555555555556,0.17741935483871,0.0729166666666667,0.308823529411765,0.117977528089888,0.0841033240353324,0.255773420479303,0.125214598836281,78239.8140523543,2.612,1092
3,65,200,0.0138262217376466,0.001,0.0711297071129707,0.175257731958763,0.101190476190476,0.136363636363636,0.290322580645161,0.185567010309278,0.0798611111111111,0.315068493150685,0.127423822714681,0.0957848181959061,0.26021626858487,0.138060436404812,98532.4399345135,2.753,1246
3,65,200,0.0126038292967973,0.001,0.0836820083682008,0.178571428571429,0.113960113960114,0.143939393939394,0.27536231884058,0.189054726368159,0.0902777777777778,0.317073170731707,0.140540540540541,0.105966393361791,0.257002306047905,0.147851793622938,118297.376313779,2.722,1396
3,65,200,0.0114895100018731,0.001,0.104602510460251,0.2,0.137362637362637,0.162878787878788,0.267080745341615,0.202352941176471,0.104166666666667,0.344827586206897,0.16,0.123882655001902,0.27063611051617,0.166571859513036,141514.133319472,2.49,1572
3,65,200,0.0104737089795945,0.001,0.125523012552301,0.217391304347826,0.159151193633952,0.166666666666667,0.241758241758242,0.197309417040359,0.107638888888889,0.326315789473684,0.161879895561358,0.133276189369286,0.261821778526584,0.172780168745223,166857.058546386,2.543,1764
3,65,200,0.00954771611420807,0.001,0.138075313807531,0.22,0.169665809768638,0.174242424242424,0.225490196078431,0.196581196581197,0.114583333333333,0.320388349514563,0.168797953964194,0.142300357127763,0.255292848530998,0.178348320104676,188752.249944138,2.381,1930
3,65,200,0.00870359136148517,0.001,0.150627615062762,0.229299363057325,0.181818181818182,0.21969696969697,0.25,0.233870967741935,0.118055555555556,0.306306306306306,0.170426065162907,0.162793380105096,0.261868556454544,0.195371738241008,209592.273470342,2.432,2088
3,65,200,0.00793409666579749,0.001,0.163179916317992,0.239263803680982,0.194029850746269,0.238636363636364,0.255060728744939,0.246575342465753,0.135416666666667,0.30952380952381,0.188405797101449,0.179077648873674,0.267949447316577,0.20967033010449,233886.31481141,2.501,2272
3,65,200,0.00723263389648353,0.001,0.179916317991632,0.238888888888889,0.205250596658711,0.268939393939394,0.261029411764706,0.264925373134328,0.166666666666667,0.342857142857143,0.224299065420561,0.205174126199231,0.280925147836913,0.231491678404533,260834.937374751,2.53,2476
3,65,200,0.00659318827133354,0.001,0.205020920502092,0.255208333333333,0.22737819025522,0.314393939393939,0.278523489932886,0.295373665480427,0.173611111111111,0.33112582781457,0.227790432801822,0.231008657002381,0.288285883693596,0.250180762845823,287788.008108071,2.48,2680
3,65,200,0.00601027678207039,0.001,0.217573221757322,0.251207729468599,0.233183856502242,0.333333333333333,0.276729559748428,0.302405498281787,0.180555555555556,0.319018404907975,0.23059866962306,0.243820703548737,0.282318564708334,0.255396008135696,313155.62129851,2.536,2872
3,65,200,0.00547890117959395,0.001,0.225941422594142,0.245454545454545,0.235294117647059,0.363636363636364,0.26890756302521,0.309178743961353,0.1875,0.321428571428571,0.236842105263158,0.259025928743502,0.278596893302776,0.260438322290523,343303.525912357,2.624,3100
3,65,200,0.00499450511585514,0.001,0.246861924686192,0.251063829787234,0.248945147679325,0.409090909090909,0.276923076923077,0.330275229357798,0.204861111111111,0.324175824175824,0.251063829787234,0.286937981629404,0.284054243628712,0.276761402274786,370803.256309539,2.44499999999999,3308
3,65,200,0.00455293507486695,0.001,0.259414225941423,0.245059288537549,0.252032520325203,0.446969696969697,0.280952380952381,0.345029239766082,0.215277777777778,0.321243523316062,0.257796257796258,0.307220566896299,0.282418397601997,0.284952672629181,401227.46744425,2.56100000000001,3538
3,65,200,0.00415040475785047,0.001,0.284518828451883,0.252788104089219,0.267716535433071,0.46969696969697,0.28310502283105,0.353276353276353,0.232638888888889,0.322115384615385,0.270161290322581,0.328951562345914,0.286002837178551,0.297051393010668,423167.757367036,2.39999999999999,3704
3,65,200,0.00378346261713193,0.001,0.292887029288703,0.246478873239437,0.267686424474187,0.488636363636364,0.279220779220779,0.355371900826446,0.274305555555556,0.348017621145374,0.306796116504854,0.351942982826874,0.291239091201863,0.309951480601829,448562.859668536,2.544,3896
3,65,200,0.00344896226040576,0.001,0.292887029288703,0.23972602739726,0.263653483992467,0.515151515151515,0.2839248434238,0.366083445491252,0.28125,0.346153846153846,0.310344827586207,0.363096181480073,0.289934905658302,0.313360585689975,472106.157067918,2.58,4074
3,65,200,0.0031440354715915,0.001,0.292887029288703,0.233333333333333,0.25974025974026,0.526515151515151,0.278,0.363874345549738,0.28125,0.329268292682927,0.303370786516854,0.366884060267951,0.28020054200542,0.308995130602284,498572.857036016,2.542,4274
3,65,200,0.00286606761694825,0.001,0.330543933054393,0.246105919003115,0.282142857142857,0.564393939393939,0.284894837476099,0.378653113087675,0.298611111111111,0.341269841269841,0.318518518518519,0.397849661186481,0.290756865916352,0.32643816291635,524779.222351569,2.667,4472
3,65,200,0.00261267522556333,0.001,0.364016736401674,0.254385964912281,0.299483648881239,0.575757575757576,0.280961182994455,0.377639751552795,0.3125,0.347490347490348,0.329067641681901,0.41742477071975,0.294279165132361,0.335397014038645,551254.882900817,2.474,4672
3,65,200,0.00238168555197616,0.001,0.368200836820084,0.254335260115607,0.300854700854701,0.598484848484849,0.279151943462898,0.380722891566265,0.322916666666667,0.334532374100719,0.328621908127208,0.4298674506572,0.289339859226408,0.336733166849391,576143.083932066,2.38200000000001,4860
3,65,200,0.00217111794569451,0.001,0.380753138075314,0.254901960784314,0.305369127516779,0.617424242424242,0.273949579831933,0.379511059371362,0.329861111111111,0.328719723183391,0.329289428076256,0.442679497203556,0.285857087933213,0.338056538321466,604484.258319505,2.52800000000001,5074
3,65,200,0.00197916686785356,0.001,0.384937238493724,0.247978436657682,0.301639344262295,0.636363636363636,0.274061990212072,0.383124287343216,0.34375,0.326732673267327,0.33502538071066,0.455016958285787,0.28292436671236,0.339929670772057,629910.87618752,2.47199999999999,5266
3,65,200,0.00180418640939207,0.001,0.397489539748954,0.245478036175711,0.303514376996805,0.666666666666667,0.278481012658228,0.392857142857143,0.361111111111111,0.326018808777429,0.342668863261944,0.475089105842244,0.283325952537123,0.346346794371964,656667.423687618,2.41500000000001,5468
3,65,200,0.00164467617799466,0.001,0.422594142259414,0.250620347394541,0.314641744548287,0.674242424242424,0.27175572519084,0.387377584330794,0.375,0.330275229357798,0.351219512195122,0.490612188833946,0.284217100647726,0.351079613691401,686610.578504202,2.447,5694
3,65,200,0.00149926843278604,0.001,0.422594142259414,0.243373493975904,0.308868501529052,0.689393939393939,0.27123695976155,0.389304812834225,0.388888888888889,0.327485380116959,0.355555555555556,0.500292323514081,0.280698611284804,0.351242956639611,707005.946828919,2.515,5848
3,65,200,0.00136671635646201,0.001,0.435146443514644,0.239080459770115,0.308605341246291,0.71969696969697,0.272988505747126,0.395833333333333,0.40625,0.330508474576271,0.364485981308411,0.520364471070538,0.280859146697838,0.356308218629345,733505.98567237,2.50699999999999,6048
3,65,200,0.00124588336429501,0.001,0.443514644351464,0.237668161434978,0.30948905109489,0.727272727272727,0.270042194092827,0.393846153846154,0.416666666666667,0.326086956521739,0.365853658536585,0.529151346096953,0.277932437349848,0.356396287825877,754437.379230115,2.474,6206
3,65,200,0.00113573335834311,0.001,0.451882845188285,0.232758620689655,0.307254623044097,0.757575757575758,0.275482093663912,0.404040404040404,0.434027777777778,0.329815303430079,0.374812593703148,0.54782879351394,0.279352005927882,0.362035873595883,779615.981596436,2.386,6396
3,65,200,0.00103532184329566,0.001,0.460251046025105,0.23109243697479,0.307692307692308,0.784090909090909,0.278600269179004,0.411122144985104,0.434027777777778,0.318877551020408,0.367647058823529,0.559456577631264,0.276190085724734,0.36215383716698,802674.264110601,2.51700000000001,6570
3,65,200,0.000943787827777537,0.001,0.506276150627615,0.245934959349594,0.331053351573187,0.787878787878788,0.277333333333333,0.41025641025641,0.440972222222222,0.312807881773399,0.365994236311239,0.578375720242875,0.278692058152109,0.369101332713612,825469.19416721,2.422,6742
3,65,200,0.000860346441668451,0.001,0.514644351464435,0.241650294695481,0.328877005347594,0.803030303030303,0.277850589777195,0.412852969814995,0.465277777777778,0.314553990610329,0.375350140056022,0.594317477424172,0.278018291694335,0.372360038406204,851184.251885528,2.386,6936
3,65,200,0.000784282206133768,0.001,0.527196652719665,0.242307692307692,0.33201581027668,0.814393939393939,0.278497409326425,0.415057915057915,0.486111111111111,0.316742081447964,0.383561643835616,0.609233901074905,0.279182394360694,0.37687845639007,873186.804154443,2.44199999999999,7102
3,65,200,0.000714942898659758,0.001,0.543933054393305,0.244821092278719,0.337662337662338,0.829545454545455,0.279336734693878,0.41793893129771,0.503472222222222,0.315904139433551,0.388219544846051,0.625650243720327,0.280020655468716,0.381273604602033,895190.88332145,2.45400000000001,7268
3,65,200,0.000651733960488242,0.001,0.556485355648536,0.243589743589744,0.338853503184713,0.833333333333333,0.276381909547739,0.415094339622641,0.510416666666667,0.307531380753138,0.383812010443864,0.633411785216178,0.275834344630207,0.379253284417073,918257.556356456,2.339,7442
3,65,200,0.000594113398496503,0.001,0.560669456066946,0.239713774597496,0.335839598997494,0.84469696969697,0.277363184079602,0.417602996254682,0.524305555555556,0.308163265306122,0.388174807197943,0.643223993773157,0.275080074661073,0.38053913415004,940264.329277098,2.377,7608
3,65,200,0.000541587137807948,0.001,0.573221757322176,0.242477876106195,0.340796019900498,0.848484848484849,0.276202219482121,0.416744186046512,0.53125,0.303571428571429,0.386363636363636,0.650985535269008,0.274083841386581,0.381301280770215,959353.993289582,2.376,7752
3,65,200,0.0004937047852839,0.001,0.577405857740586,0.240418118466899,0.339483394833948,0.856060606060606,0.276283618581907,0.417744916820702,0.552083333333333,0.308139534883721,0.395522388059702,0.661849932378175,0.274947090644176,0.384250233238117,977383.534001428,2.40000000000001,7888
3,65,200,0.00045005576757005,0.001,0.594142259414226,0.241086587436333,0.342995169082126,0.867424242424242,0.276570048309179,0.419413919413919,0.555555555555556,0.303030303030303,0.392156862745098,0.672374019131341,0.273562312925272,0.384855317080381,999393.527520771,2.40899999999999,8054
3,65,200,0.000410265810582719,0.001,0.602510460251046,0.23841059602649,0.341637010676157,0.878787878787879,0.277180406212664,0.421435059037239,0.569444444444444,0.304832713754647,0.397094430992736,0.68358092782779,0.273474571997934,0.386722166902044,1022200.28015028,2.333,8226
3,65,200,0.000373993730247879,0.001,0.615062761506276,0.239804241435563,0.345070422535211,0.886363636363636,0.276923076923077,0.42200180342651,0.583333333333333,0.304900181488203,0.400476758045292,0.694919910401082,0.273875833282281,0.389182994669005,1038905.97818362,2.411,8352
3,65,200,0.000340928506974681,0.001,0.635983263598326,0.242811501597444,0.351445086705202,0.886363636363636,0.275294117647059,0.420107719928187,0.590277777777778,0.303030303030303,0.400471142520612,0.704208225913247,0.273711974091602,0.390674649718,1054816.51470452,2.32999999999998,8472
3,65,200,0.000310786618778201,0.001,0.635983263598326,0.23861852433281,0.34703196347032,0.893939393939394,0.276023391812866,0.421805183199285,0.59375,0.298951048951049,0.397674418604651,0.707890885845907,0.271197655032242,0.388837188424752,1072584.80678535,2.34,8606
3,65,200,0.000283309610183932,0.001,0.656903765690377,0.23969465648855,0.351230425055928,0.901515151515151,0.275462962962963,0.421985815602837,0.604166666666667,0.298969072164948,0.4,0.720861861290732,0.271375563872154,0.391072080219588,1094067.88210948,2.352,8768
3,65,200,0.000258261876068267,0.001,0.669456066945607,0.239880059970015,0.353200883002207,0.912878787878788,0.276376146788991,0.424295774647887,0.625,0.303030303030303,0.408163265306122,0.735778284941465,0.273095503263103,0.395219974318739,1110245.5358801,2.43299999999999,8890
3,65,200,0.000235428641432242,0.001,0.682008368200837,0.240412979351032,0.355507088331516,0.916666666666667,0.276887871853547,0.42530755711775,0.625,0.301003344481605,0.406320541760722,0.741225011622501,0.272768065228728,0.395711729069996,1124036.0086303,2.34,8994
3,65,200,0.000214614119785841,0.001,0.690376569037657,0.239477503628447,0.355603448275862,0.920454545454545,0.276765375854214,0.425569176882662,0.642361111111111,0.303776683087028,0.412486064659978,0.751064075201105,0.273339854189896,0.397886229939501,1138888.13466353,2.376,9106
3,65,200,0.000195639834351706,0.001,0.707112970711297,0.241773962804006,0.360341151385928,0.920454545454545,0.276765375854214,0.425569176882662,0.645833333333333,0.302931596091205,0.412416851441242,0.757800283166392,0.273823644916475,0.39944239323661,1153210.07789442,2.40700000000001,9214
3,65,200,0.000178343087693191,0.001,0.723849372384937,0.241620111731844,0.362303664921466,0.924242424242424,0.275395033860045,0.424347826086957,0.652777777777778,0.3008,0.411829134720701,0.766956524801713,0.27260504853063,0.399493541909708,1172573.06519594,2.33000000000001,9360
3,65,200,0.000162575566644379,0.001,0.757322175732218,0.247606019151847,0.37319587628866,0.928030303030303,0.274971941638608,0.424242424242424,0.663194444444444,0.299843014128728,0.412972972972973,0.782848974402322,0.274140324973061,0.403470424501352,1189814.00632665,2.34400000000002,9490
3,65,200,0.000148202070579886,0.001,0.761506276150628,0.243967828418231,0.369543147208122,0.931818181818182,0.275475923852184,0.42523768366465,0.666666666666667,0.299065420560748,0.412903225806452,0.786663708211825,0.272836390943721,0.402561352226408,1204136.97573527,2.37,9598
3,65,200,0.000135099352119803,0.001,0.769874476987448,0.24468085106383,0.371342078708375,0.931818181818182,0.274247491638796,0.423772609819121,0.673611111111111,0.296636085626911,0.411889596602972,0.79176792330558,0.271854809443179,0.402334761710156,1217664.33280888,2.37,9700
3,65,200,0.000123155060329283,0.001,0.769874476987448,0.242105263157895,0.368368368368368,0.935606060606061,0.274444444444444,0.424398625429553,0.680555555555556,0.293853073463268,0.410471204188482,0.795345364383021,0.270134260355202,0.401079399328801,1233314.33237927,2.33499999999998,9818
3,65,200,0.000112266777351081,0.001,0.778242677824268,0.24124513618677,0.368316831683168,0.935606060606061,0.273532668881506,0.423307626392459,0.694444444444444,0.295420974889217,0.414507772020725,0.802764394291591,0.270066259985831,0.402044076698784,1247903.37206028,2.41399999999999,9928
3,65,200,0.000102341140210545,0.001,0.799163179916318,0.244871794871795,0.374877330716389,0.939393939393939,0.273730684326711,0.423931623931624,0.704861111111111,0.294629898403483,0.415557830092119,0.81447274347379,0.271077459200663,0.40478892824671,1261962.02615174,2.40600000000001,10034
3,65,200,9.32930402628468e-05,0.001,0.803347280334728,0.244897959183673,0.375366568914956,0.943181818181818,0.274531422271224,0.425277540563621,0.708333333333333,0.293525179856115,0.415055951169888,0.818287477283293,0.270984853770337,0.405233353549488,1269919.01225208,2.363,10094
3,65,200,8.50448934180267e-05,0.001,0.803347280334728,0.243654822335025,0.373904576436222,0.943181818181818,0.273626373626374,0.424190800681431,0.708333333333333,0.291012838801712,0.412537917087968,0.818287477283293,0.269431344921037,0.403544431401874,1278937.36720374,2.33099999999999,10162
3,65,200,7.75259748862946e-05,0.001,0.820083682008368,0.246231155778894,0.378743961352657,0.943181818181818,0.273026315789474,0.423469387755102,0.715277777777778,0.288920056100982,0.411588411588412,0.826181092655988,0.269392509223117,0.404600586898724,1288751.7778075,2.374,10236
3,65,200,7.06718127392749e-05,0.001,0.828451882845188,0.245657568238213,0.378947368421053,0.946969696969697,0.273522975929978,0.424448217317487,0.732638888888889,0.290233837689133,0.41576354679803,0.836020156234591,0.269804793952442,0.40638637751219,1299362.22922117,2.44,10316
3,65,200,6.44236350872137e-05,0.001,0.841004184100418,0.246928746928747,0.381766381766382,0.946969696969697,0.273522975929978,0.424448217317487,0.739583333333333,0.289795918367347,0.416422287390029,0.842519071467816,0.270082547075357,0.407545628824633,1308381.02341276,2.36699999999999,10384
3,65,200,5.87278661318948e-05,0.001,0.841004184100418,0.246323529411765,0.381042654028436,0.946969696969697,0.273522975929978,0.424448217317487,0.746527777777778,0.289757412398922,0.41747572815534,0.844833886282631,0.269867972580222,0.407655533167088,1319257.02650783,2.404,10466
3,65,200,5.35356667741072e-05,0.001,0.845188284518828,0.246041412911084,0.381132075471698,0.946969696969697,0.27292576419214,0.423728813559322,0.760416666666667,0.290066225165563,0.419942473633749,0.850858216051731,0.269677800756262,0.408267787554923,1329867.84114472,2.36700000000002,10546
3,65,200,4.88025158365443e-05,0.001,0.845188284518828,0.243373493975904,0.377923292797006,0.946969696969697,0.272331154684096,0.423011844331641,0.760416666666667,0.287024901703801,0.41674595623216,0.850858216051731,0.267576516787933,0.405893697786936,1338886.9657067,2.369,10614
3,65,200,4.44878283112759e-05,0.001,0.853556485355649,0.244604316546763,0.380242311276794,0.950757575757576,0.273122959738847,0.424344885883347,0.770833333333333,0.287937743190661,0.419263456090652,0.858382464815519,0.26855500649209,0.407950217750264,1348967.3742924,2.35999999999999,10690
3,65,200,4.05546073584083e-05,0.001,0.857740585774059,0.244922341696535,0.381040892193309,0.950757575757576,0.273122959738847,0.424344885883347,0.784722222222222,0.290115532734275,0.423617619493908,0.864406794584619,0.269386944723219,0.409667799190188,1356394.88217178,2.369,10746
3,65,200,3.69691270719502e-05,0.001,0.866108786610879,0.244970414201183,0.381918819188192,0.950757575757576,0.273122959738847,0.424344885883347,0.798611111111111,0.292249047013977,0.427906976744186,0.871825824493189,0.270114140318002,0.411390227271908,1364087.76381063,2.44499999999999,10804
3,65,200,3.37006432927193e-05,0.001,0.866108786610879,0.243816254416961,0.380514705882353,0.954545454545455,0.273318872017354,0.42495784148398,0.815972222222222,0.294486215538847,0.432780847145488,0.878875487792852,0.270540447324387,0.41275113150394,1376025.48691766,2.32399999999998,10894
3,65,200,3.07211299886176e-05,0.001,0.874476987447699,0.244158878504673,0.381735159817352,0.954545454545455,0.273022751895991,0.424599831508003,0.819444444444444,0.293532338308458,0.432234432234432,0.882822295479199,0.270237989569707,0.412856474519929,1382392.00780715,2.375,10942
3,65,200,2.80050389418363e-05,0.001,0.874476987447699,0.244158878504673,0.381735159817352,0.954545454545455,0.273022751895991,0.424599831508003,0.826388888888889,0.293103448275862,0.432727272727273,0.885137110294014,0.270095026225509,0.413020754684209,1387962.69065599,2.35900000000001,10984
3,65,200,2.55290806823952e-05,0.001,0.874476987447699,0.24274099883856,0.38,0.954545454545455,0.273022751895991,0.424599831508003,0.840277777777778,0.294403892944039,0.436036036036036,0.889766739923644,0.270055881226197,0.413545289181346,1397512.90004561,2.476,11056
3,65,200,2.32720247896041e-05,0.001,0.874476987447699,0.241339491916859,0.378280542986425,0.954545454545455,0.273022751895991,0.424599831508003,0.857638888888889,0.297232250300842,0.441465594280608,0.895553776960681,0.270531498037898,0.414781989591679,1404410.17337046,2.40100000000001,11108
3,65,200,2.12145178491063e-05,0.001,0.874476987447699,0.240783410138249,0.377597109304426,0.958333333333333,0.273809523809524,0.425925925925926,0.868055555555556,0.297973778307509,0.443655723158829,0.900288625445529,0.270855570751761,0.415726252796394,1410511.59458225,2.36199999999999,11154
3,65,200,1.93389175045523e-05,0.001,0.874476987447699,0.240783410138249,0.377597109304426,0.958333333333333,0.273513513513513,0.425567703952902,0.868055555555556,0.29585798816568,0.441306266548985,0.900288625445529,0.270051637272481,0.414823693268771,1417408.94984056,2.333,11206
3,65,200,1.76291411809595e-05,0.001,0.878661087866109,0.241102181400689,0.378378378378378,0.965909090909091,0.275080906148867,0.428211586901763,0.868055555555556,0.294811320754717,0.440140845070423,0.904208578110252,0.270331469434758,0.415576936783521,1422449.25250566,2.393,11244
3,65,200,1.60705281826164e-05,0.001,0.878661087866109,0.24,0.377019748653501,0.965909090909091,0.275080906148867,0.428211586901763,0.878472222222222,0.296252927400468,0.4430823117338,0.907680800332474,0.270444611183112,0.416104549096355,1427489.58759065,2.363,11282
3,65,200,1.46497139830728e-05,0.001,0.882845188284519,0.240318906605923,0.377797672336616,0.965909090909091,0.275080906148867,0.428211586901763,0.878472222222222,0.294528521536671,0.441150828247602,0.909075500471944,0.269976111430487,0.415720029161994,1433060.54886251,2.392,11324
3,65,200,1.3354515629299e-05,0.001,0.891213389121339,0.240950226244344,0.379341050756901,0.965909090909091,0.275080906148867,0.428211586901763,0.892361111111111,0.296082949308756,0.444636678200692,0.916494530380514,0.270704693900656,0.417396438619785,1438896.83536621,2.40299999999999,11368
3,65,200,1.21738272773966e-05,0.001,0.895397489539749,0.24180790960452,0.380782918149466,0.965909090909091,0.275080906148867,0.428211586901763,0.895833333333333,0.296211251435132,0.445211389128559,0.919046637927391,0.271033355729506,0.418068631393263,1443141.35649168,2.32900000000001,11400
3,65,200,1.10975249641207e-05,0.001,0.899581589958159,0.241573033707865,0.380868024800709,0.965909090909091,0.274784482758621,0.427852348993289,0.899305555555556,0.296338672768879,0.44578313253012,0.921598745474268,0.270898729745122,0.418167835441373,1449773.58483103,2.41,11450
3,65,200,1.01163797976621e-05,0.001,0.903765690376569,0.241340782122905,0.380952380952381,0.965909090909091,0.274784482758621,0.427852348993289,0.899305555555556,0.294318181818182,0.443493150684932,0.922993445613739,0.270147815566569,0.417432626876867,1455344.64023685,2.35900000000001,11492
3,65,200,9.22197882333432e-06,0.001,0.903765690376569,0.241340782122905,0.380952380952381,0.965909090909091,0.274784482758621,0.427852348993289,0.899305555555556,0.293984108967083,0.44311377245509,0.922993445613739,0.270036457949536,0.41730616746692,1457997.43270062,2.36000000000001,11512
3,65,200,8.40665288561832e-06,0.001,0.912133891213389,0.241953385127636,0.382456140350877,0.965909090909091,0.274784482758621,0.427852348993289,0.90625,0.294915254237288,0.445012787723785,0.928097660707493,0.270551040707848,0.418440425689317,1465160.31347439,2.358,11566
3,65,200,7.66341086800746e-06,0.001,0.912133891213389,0.241417497231451,0.381786339754816,0.965909090909091,0.274784482758621,0.427852348993289,0.909722222222222,0.294051627384961,0.444444444444445,0.929255068114901,0.270084535791677,0.418027711064183,1470466.12142518,2.36399999999998,11606
3,65,200,6.98587974678525e-06,0.001,0.912133891213389,0.241150442477876,0.381452318460192,0.973484848484849,0.276344086021505,0.430485762144054,0.913194444444444,0.294183445190157,0.445008460236887,0.932937728047561,0.270559324563179,0.418982180280378,1474445.45181066,2.39500000000001,11636
3,65,200,6.36824994471859e-06,0.001,0.912133891213389,0.240883977900552,0.381118881118881,0.973484848484849,0.276344086021505,0.430485762144054,0.927083333333333,0.296666666666667,0.44949494949495,0.93756735767719,0.271298243529575,0.420366530919295,1478690.09330197,2.42599999999999,11668
3,65,200,5.8052255160949e-06,0.001,0.912133891213389,0.240883977900552,0.381118881118881,0.973484848484849,0.276344086021505,0.430485762144054,0.927083333333333,0.295681063122924,0.448362720403023,0.93756735767719,0.270969709014994,0.419989121221986,1481077.65822719,2.36599999999999,11686
3,65,200,5.29197873595844e-06,0.001,0.920502092050209,0.242024202420242,0.383275261324042,0.973484848484849,0.276344086021505,0.430485762144054,0.927083333333333,0.294701986754967,0.447236180904523,0.94035675795613,0.271023425065571,0.420332401457539,1485852.91863193,2.40000000000001,11722
3,65,200,4.82410870416537e-06,0.001,0.924686192468619,0.242857142857143,0.384682332463011,0.973484848484849,0.276344086021505,0.430485762144054,0.927083333333333,0.294701986754967,0.447236180904523,0.9417514580956,0.271301071877872,0.420801425170529,1489036.39881826,2.35599999999999,11746
3,65,200,4.39760360930272e-06,0.001,0.933054393305439,0.24398249452954,0.386816999132697,0.973484848484849,0.276344086021505,0.430485762144054,0.934027777777778,0.29625550660793,0.449832775919732,0.946855673189355,0.272194029052992,0.422378512398828,1492219.88781642,2.36199999999999,11770
3,65,200,4.00880632889846e-06,0.001,0.937238493723849,0.244808743169399,0.388214904679376,0.973484848484849,0.276344086021505,0.430485762144054,0.9375,0.296703296703297,0.450751252086811,0.949407780736233,0.2726187086314,0.423150639636747,1494342.19158605,2.32900000000001,11786
3,65,200,3.65438307095725e-06,0.001,0.945606694560669,0.246187363834423,0.39066551426102,0.973484848484849,0.276344086021505,0.430485762144054,0.9375,0.296703296703297,0.450751252086811,0.952197181015173,0.273078248853075,0.423967509497295,1495403.30940686,2.43599999999998,11794
3,65,200,3.33129478793467e-06,0.001,0.949790794979079,0.247007616974973,0.392055267702936,0.973484848484849,0.276344086021505,0.430485762144054,0.947916666666667,0.298687089715536,0.454242928452579,0.957064103376865,0.274012930904005,0.425594652766523,1497525.6271781,2.35799999999995,11810
3,65,200,3.03677111803546e-06,0.001,0.95397489539749,0.247557003257329,0.393103448275862,0.973484848484849,0.276344086021505,0.430485762144054,0.951388888888889,0.299453551912568,0.455527847049044,0.959616210923742,0.274451547063801,0.426372352489653,1499913.24935019,2.35699999999997,11828
3,65,200,2.76828663039207e-06,0.001,0.95397489539749,0.247557003257329,0.393103448275862,0.973484848484849,0.276344086021505,0.430485762144054,0.951388888888889,0.299453551912568,0.455527847049044,0.959616210923742,0.274451547063801,0.426372352489653,1502035.57874757,2.32300000000004,11844
3,65,200,2.52353917043477e-06,0.001,0.95397489539749,0.247557003257329,0.393103448275862,0.973484848484849,0.276344086021505,0.430485762144054,0.954861111111111,0.299564270152505,0.456053067993367,0.96077361833115,0.27448845314378,0.426547426137761,1503892.61488877,2.358,11858
3,65,200,2.30043011977292e-06,0.001,0.96234309623431,0.248917748917749,0.395528804815133,0.973484848484849,0.276344086021505,0.430485762144054,0.954861111111111,0.299564270152505,0.456053067993367,0.96356301861009,0.274942035030587,0.427355878317518,1505219.05900265,2.404,11868
3,65,200,2.09704640132323e-06,0.001,0.96234309623431,0.248917748917749,0.395528804815133,0.973484848484849,0.276344086021505,0.430485762144054,0.958333333333333,0.300326441784548,0.457332228666114,0.964720426017497,0.275196092241268,0.427782265208434,1507076.10395131,2.32399999999996,11882
3,65,200,1.9116440753857e-06,0.001,0.96234309623431,0.248380129589633,0.394849785407725,0.973484848484849,0.276344086021505,0.430485762144054,0.958333333333333,0.300326441784548,0.457332228666114,0.964720426017497,0.275016885798562,0.427555925405964,1509198.4510459,2.43699999999995,11898
3,65,200,1.74263338600965e-06,0.001,0.96234309623431,0.248380129589633,0.394849785407725,0.973484848484849,0.276344086021505,0.430485762144054,0.961805555555556,0.301086956521739,0.458609271523179,0.965877833424905,0.275270390710959,0.427981606358319,1510790.20499519,2.327,11910
3,65,200,1.58856512942805e-06,0.001,0.96234309623431,0.248112189859763,0.39451114922813,0.973484848484849,0.276344086021505,0.430485762144054,0.961805555555556,0.300760043431053,0.45822994210091,0.965877833424905,0.27507210643744,0.427742284491031,1511586.06717328,2.39400000000001,11916
3,65,200,1.44811822767453e-06,0.001,0.96234309623431,0.248112189859763,0.39451114922813,0.973484848484849,0.276344086021505,0.430485762144054,0.961805555555556,0.300108342361864,0.457473162675475,0.965877833424905,0.274854872747711,0.427490024682553,1512647.23056724,2.39300000000003,11924
3,65,200,1.32008840083142e-06,0.001,0.96234309623431,0.248112189859763,0.39451114922813,0.973484848484849,0.276344086021505,0.430485762144054,0.961805555555556,0.300108342361864,0.457473162675475,0.965877833424905,0.274854872747711,0.427490024682553,1513177.7999683,2.32099999999997,11928
3,65,200,1.20337784077759e-06,0.001,0.96234309623431,0.248112189859763,0.39451114922813,0.973484848484849,0.276344086021505,0.430485762144054,0.972222222222222,0.302049622437972,0.460905349794239,0.969350055647127,0.275501966106413,0.428634087055474,1514769.56504907,2.358,11940
3,65,200,1.09698579789238e-06,0.001,0.96234309623431,0.248112189859763,0.39451114922813,0.973484848484849,0.276344086021505,0.430485762144054,0.972222222222222,0.301724137931034,0.460526315789474,0.969350055647127,0.275393471270768,0.428507742387219,1515565.43737324,2.38900000000001,11946
3,65,200,1e-06,0.001,0.96234309623431,0.248112189859763,0.39451114922813,0.973484848484849,0.276344086021505,0.430485762144054,0.972222222222222,0.301724137931034,0.460526315789474,0.969350055647127,0.275393471270768,0.428507742387219,1515830.71506409,2.32400000000001,11948
