t,p,n,nu_0,mu,gamma,no_edges,bic value,precision,,,,,,,,precision_avg,recall,,,,,,,,recall_avg,F1,,,,,,,,F1_avg,Time(sec),mask_diag
8,65,2000,0.0005,100.0,20,162.5,274630.48166733666,nan,nan,nan,nan,nan,nan,nan,nan,nan,0.0,0.0,0.0,0.0,0.0,0.0,0.0,0.0,0.0,nan,nan,nan,nan,nan,nan,nan,nan,nan,4.341051816940308,True
8,65,2000,0.0005,91.15888299750823,20,162.5,274630.48166733666,nan,nan,nan,nan,nan,nan,nan,nan,nan,0.0,0.0,0.0,0.0,0.0,0.0,0.0,0.0,0.0,nan,nan,nan,nan,nan,nan,nan,nan,nan,4.27132773399353,True
8,65,2000,0.0005,83.09941949353396,20,162.5,274630.48166733666,nan,nan,nan,nan,nan,nan,nan,nan,nan,0.0,0.0,0.0,0.0,0.0,0.0,0.0,0.0,0.0,nan,nan,nan,nan,nan,nan,nan,nan,nan,4.267469644546509,True
8,65,2000,0.0005,75.75250258771912,20,162.5,274630.48166733666,nan,nan,nan,nan,nan,nan,nan,nan,nan,0.0,0.0,0.0,0.0,0.0,0.0,0.0,0.0,0.0,nan,nan,nan,nan,nan,nan,nan,nan,nan,4.26316237449646,True
8,65,2000,0.0005,69.05513520162327,20,162.5,274630.48166733666,nan,nan,nan,nan,nan,nan,nan,nan,nan,0.0,0.0,0.0,0.0,0.0,0.0,0.0,0.0,0.0,nan,nan,nan,nan,nan,nan,nan,nan,nan,4.254632234573364,True
8,65,2000,0.0005,62.94988990221888,20,162.5,274630.48166733666,nan,nan,nan,nan,nan,nan,nan,nan,nan,0.0,0.0,0.0,0.0,0.0,0.0,0.0,0.0,0.0,nan,nan,nan,nan,nan,nan,nan,nan,nan,4.2626166343688965,True
8,65,2000,0.0005,57.384416483023955,20,162.5,274630.48166733666,nan,nan,nan,nan,nan,nan,nan,nan,nan,0.0,0.0,0.0,0.0,0.0,0.0,0.0,0.0,0.0,nan,nan,nan,nan,nan,nan,nan,nan,nan,4.262285947799683,True
8,65,2000,0.0005,52.31099308056263,20,162.5,274630.48166733666,nan,nan,nan,nan,nan,nan,nan,nan,nan,0.0,0.0,0.0,0.0,0.0,0.0,0.0,0.0,0.0,nan,nan,nan,nan,nan,nan,nan,nan,nan,4.242753744125366,True
8,65,2000,0.0005,47.68611697714469,20,162.5,274630.48166733666,nan,nan,nan,nan,nan,nan,nan,nan,nan,0.0,0.0,0.0,0.0,0.0,0.0,0.0,0.0,0.0,nan,nan,nan,nan,nan,nan,nan,nan,nan,4.2694103717803955,True
8,65,2000,0.0005,43.47013158125024,20,162.5,274630.48166733666,nan,nan,nan,nan,nan,nan,nan,nan,nan,0.0,0.0,0.0,0.0,0.0,0.0,0.0,0.0,0.0,nan,nan,nan,nan,nan,nan,nan,nan,nan,4.292971134185791,True
8,65,2000,0.0005,39.626886387014785,20,162.5,274630.48166733666,nan,nan,nan,nan,nan,nan,nan,nan,nan,0.0,0.0,0.0,0.0,0.0,0.0,0.0,0.0,0.0,nan,nan,nan,nan,nan,nan,nan,nan,nan,4.277476072311401,True
8,65,2000,0.0005,36.123426997094306,20,162.5,274630.48166733666,nan,nan,nan,nan,nan,nan,nan,nan,nan,0.0,0.0,0.0,0.0,0.0,0.0,0.0,0.0,0.0,nan,nan,nan,nan,nan,nan,nan,nan,nan,4.273319959640503,True
8,65,2000,0.0005,32.929712550971516,20,162.5,274630.48166733666,nan,nan,nan,nan,nan,nan,nan,nan,nan,0.0,0.0,0.0,0.0,0.0,0.0,0.0,0.0,0.0,nan,nan,nan,nan,nan,nan,nan,nan,nan,4.306440591812134,True
8,65,2000,0.0005,30.01835813575589,20,162.5,274630.48166733666,nan,nan,nan,nan,nan,nan,nan,nan,nan,0.0,0.0,0.0,0.0,0.0,0.0,0.0,0.0,0.0,nan,nan,nan,nan,nan,nan,nan,nan,nan,4.2511677742004395,True
8,65,2000,0.0005,27.364399970746707,20,162.5,274630.48166733666,nan,nan,nan,nan,nan,nan,nan,nan,nan,0.0,0.0,0.0,0.0,0.0,0.0,0.0,0.0,0.0,nan,nan,nan,nan,nan,nan,nan,nan,nan,4.275843858718872,True
8,65,2000,0.0005,24.945081352303166,20,162.5,274630.48166733666,nan,nan,nan,nan,nan,nan,nan,nan,nan,0.0,0.0,0.0,0.0,0.0,0.0,0.0,0.0,0.0,nan,nan,nan,nan,nan,nan,nan,nan,nan,4.25656533241272,True
8,65,2000,0.0005,22.739657523579275,20,162.5,274630.48166733666,nan,nan,nan,nan,nan,nan,nan,nan,nan,0.0,0.0,0.0,0.0,0.0,0.0,0.0,0.0,0.0,nan,nan,nan,nan,nan,nan,nan,nan,nan,4.263630628585815,True
8,65,2000,0.0005,20.72921779595372,20,162.5,274630.48166733666,nan,nan,nan,nan,nan,nan,nan,nan,nan,0.0,0.0,0.0,0.0,0.0,0.0,0.0,0.0,0.0,nan,nan,nan,nan,nan,nan,nan,nan,nan,4.28067421913147,True
8,65,2000,0.0005,18.896523396912098,20,162.5,274630.48166733666,nan,nan,nan,nan,nan,nan,nan,nan,nan,0.0,0.0,0.0,0.0,0.0,0.0,0.0,0.0,0.0,nan,nan,nan,nan,nan,nan,nan,nan,nan,4.266891241073608,True
8,65,2000,0.0005,17.225859653987865,20,162.5,274630.48166733666,nan,nan,nan,nan,nan,nan,nan,nan,nan,0.0,0.0,0.0,0.0,0.0,0.0,0.0,0.0,0.0,nan,nan,nan,nan,nan,nan,nan,nan,nan,4.26902174949646,True
8,65,2000,0.0005,15.702901247293775,20,162.5,274630.48166733666,nan,nan,nan,nan,nan,nan,nan,nan,nan,0.0,0.0,0.0,0.0,0.0,0.0,0.0,0.0,0.0,nan,nan,nan,nan,nan,nan,nan,nan,nan,4.2821877002716064,True
8,65,2000,0.0005,14.314589375234785,20,162.5,274630.48166733666,nan,nan,nan,nan,nan,nan,nan,nan,nan,0.0,0.0,0.0,0.0,0.0,0.0,0.0,0.0,0.0,nan,nan,nan,nan,nan,nan,nan,nan,nan,4.270274877548218,True
8,65,2000,0.0005,13.049019780144022,20,162.5,274630.48166733666,nan,nan,nan,nan,nan,nan,nan,nan,nan,0.0,0.0,0.0,0.0,0.0,0.0,0.0,0.0,0.0,nan,nan,nan,nan,nan,nan,nan,nan,nan,4.260469436645508,True
8,65,2000,0.0005,11.895340673703195,20,162.5,274630.48166733666,nan,nan,nan,nan,nan,nan,nan,nan,nan,0.0,0.0,0.0,0.0,0.0,0.0,0.0,0.0,0.0,nan,nan,nan,nan,nan,nan,nan,nan,nan,4.290787220001221,True
8,65,2000,0.0005,10.843659686896103,20,162.5,274630.48166733666,nan,nan,nan,nan,nan,nan,nan,nan,nan,0.0,0.0,0.0,0.0,0.0,0.0,0.0,0.0,0.0,nan,nan,nan,nan,nan,nan,nan,nan,nan,4.266965866088867,True
8,65,2000,0.0005,9.884959046625585,20,162.5,274630.48166733666,nan,nan,nan,nan,nan,nan,nan,nan,nan,0.0,0.0,0.0,0.0,0.0,0.0,0.0,0.0,0.0,nan,nan,nan,nan,nan,nan,nan,nan,nan,4.286908388137817,True
8,65,2000,0.0005,9.01101825166502,20,162.5,274630.48166733666,nan,nan,nan,nan,nan,nan,nan,nan,nan,0.0,0.0,0.0,0.0,0.0,0.0,0.0,0.0,0.0,nan,nan,nan,nan,nan,nan,nan,nan,nan,4.289381742477417,True
8,65,2000,0.0005,8.214343584919426,20,162.5,274630.48166733666,nan,nan,nan,nan,nan,nan,nan,nan,nan,0.0,0.0,0.0,0.0,0.0,0.0,0.0,0.0,0.0,nan,nan,nan,nan,nan,nan,nan,nan,nan,4.27288293838501,True
8,65,2000,0.0005,7.488103857590023,20,162.5,274630.48166733666,nan,nan,nan,nan,nan,nan,nan,nan,nan,0.0,0.0,0.0,0.0,0.0,0.0,0.0,0.0,0.0,nan,nan,nan,nan,nan,nan,nan,nan,nan,4.283384084701538,True
8,65,2000,0.0005,6.82607183427239,20,162.5,274630.48166733666,nan,nan,nan,nan,nan,nan,nan,nan,nan,0.0,0.0,0.0,0.0,0.0,0.0,0.0,0.0,0.0,nan,nan,nan,nan,nan,nan,nan,nan,nan,4.329992771148682,True
8,65,2000,0.0005,6.222570836730228,20,162.5,274630.48166733666,nan,nan,nan,nan,nan,nan,nan,nan,nan,0.0,0.0,0.0,0.0,0.0,0.0,0.0,0.0,0.0,nan,nan,nan,nan,nan,nan,nan,nan,nan,4.282946825027466,True
8,65,2000,0.0005,5.672426068491977,20,162.5,274630.48166733666,nan,nan,nan,nan,nan,nan,nan,nan,nan,0.0,0.0,0.0,0.0,0.0,0.0,0.0,0.0,0.0,nan,nan,nan,nan,nan,nan,nan,nan,nan,4.295997858047485,True
8,65,2000,0.0005,5.170920242896758,20,162.5,274630.48166733666,nan,nan,nan,nan,nan,nan,nan,nan,nan,0.0,0.0,0.0,0.0,0.0,0.0,0.0,0.0,0.0,nan,nan,nan,nan,nan,nan,nan,nan,nan,4.350951910018921,True
8,65,2000,0.0005,4.7137531341167245,20,162.5,274630.48166733666,nan,nan,nan,nan,nan,nan,nan,nan,nan,0.0,0.0,0.0,0.0,0.0,0.0,0.0,0.0,0.0,nan,nan,nan,nan,nan,nan,nan,nan,nan,4.365563154220581,True
8,65,2000,0.0005,4.297004704320842,20,162.5,274630.48166733666,nan,nan,nan,nan,nan,nan,nan,nan,nan,0.0,0.0,0.0,0.0,0.0,0.0,0.0,0.0,0.0,nan,nan,nan,nan,nan,nan,nan,nan,nan,4.304084539413452,True
8,65,2000,0.0005,3.9171014908092587,20,162.5,274630.48166733666,nan,nan,nan,nan,nan,nan,nan,nan,nan,0.0,0.0,0.0,0.0,0.0,0.0,0.0,0.0,0.0,nan,nan,nan,nan,nan,nan,nan,nan,nan,4.321259260177612,True
8,65,2000,0.0005,3.5707859649004625,20,162.5,274630.48166733666,nan,nan,nan,nan,nan,nan,nan,nan,nan,0.0,0.0,0.0,0.0,0.0,0.0,0.0,0.0,0.0,nan,nan,nan,nan,nan,nan,nan,nan,nan,4.311253547668457,True
8,65,2000,0.0005,3.2550885998350583,20,162.5,274630.48166733666,nan,nan,nan,nan,nan,nan,nan,nan,nan,0.0,0.0,0.0,0.0,0.0,0.0,0.0,0.0,0.0,nan,nan,nan,nan,nan,nan,nan,nan,nan,4.320512533187866,True
8,65,2000,0.0005,2.9673024081888695,20,162.5,274630.48166733666,nan,nan,nan,nan,nan,nan,nan,nan,nan,0.0,0.0,0.0,0.0,0.0,0.0,0.0,0.0,0.0,nan,nan,nan,nan,nan,nan,nan,nan,nan,4.319332122802734,True
8,65,2000,0.0005,2.704959730463134,20,162.5,274630.48166733666,nan,nan,nan,nan,nan,nan,nan,nan,nan,0.0,0.0,0.0,0.0,0.0,0.0,0.0,0.0,0.0,nan,nan,nan,nan,nan,nan,nan,nan,nan,4.32695198059082,True
8,65,2000,0.0005,2.4658110758226024,20,162.5,274630.48166733666,nan,nan,nan,nan,nan,nan,nan,nan,nan,0.0,0.0,0.0,0.0,0.0,0.0,0.0,0.0,0.0,nan,nan,nan,nan,nan,nan,nan,nan,nan,4.358518362045288,True
8,65,2000,0.0005,2.247805833548725,20,162.5,274630.48166733666,nan,nan,nan,nan,nan,nan,nan,nan,nan,0.0,0.0,0.0,0.0,0.0,0.0,0.0,0.0,0.0,nan,nan,nan,nan,nan,nan,nan,nan,nan,4.359116077423096,True
8,65,2000,0.0005,2.049074689815847,20,162.5,274630.48166733666,nan,nan,nan,nan,nan,nan,nan,nan,nan,0.0,0.0,0.0,0.0,0.0,0.0,0.0,0.0,0.0,nan,nan,nan,nan,nan,nan,nan,nan,nan,4.358286380767822,True
8,65,2000,0.0005,1.8679135990207827,20,162.5,274630.48166733666,nan,nan,nan,nan,nan,nan,nan,nan,nan,0.0,0.0,0.0,0.0,0.0,0.0,0.0,0.0,0.0,nan,nan,nan,nan,nan,nan,nan,nan,nan,4.358810186386108,True
8,65,2000,0.0005,1.7027691722258995,20,162.5,274630.48166733666,nan,nan,nan,nan,nan,nan,nan,nan,nan,0.0,0.0,0.0,0.0,0.0,0.0,0.0,0.0,0.0,nan,nan,nan,nan,nan,nan,nan,nan,nan,4.371469736099243,True
8,65,2000,0.0005,1.5522253574270473,20,162.5,274630.48166733666,nan,nan,nan,nan,nan,nan,nan,nan,nan,0.0,0.0,0.0,0.0,0.0,0.0,0.0,0.0,0.0,nan,nan,nan,nan,nan,nan,nan,nan,nan,4.402004241943359,True
8,65,2000,0.0005,1.414991297434576,20,162.5,274630.48166733666,nan,nan,nan,nan,nan,nan,nan,nan,nan,0.0,0.0,0.0,0.0,0.0,0.0,0.0,0.0,0.0,nan,nan,nan,nan,nan,nan,nan,nan,nan,4.394104957580566,True
8,65,2000,0.0005,1.2898902612533087,20,162.5,274630.48166733666,nan,nan,nan,nan,nan,nan,nan,nan,nan,0.0,0.0,0.0,0.0,0.0,0.0,0.0,0.0,0.0,nan,nan,nan,nan,nan,nan,nan,nan,nan,4.415691375732422,True
8,65,2000,0.0005,1.175849554052157,20,162.5,274630.48166733666,nan,nan,nan,nan,nan,nan,nan,nan,nan,0.0,0.0,0.0,0.0,0.0,0.0,0.0,0.0,0.0,nan,nan,nan,nan,nan,nan,nan,nan,nan,4.437767267227173,True
8,65,2000,0.0005,1.0718913192051276,20,162.5,274630.48166733666,nan,nan,nan,nan,nan,nan,nan,nan,nan,0.0,0.0,0.0,0.0,0.0,0.0,0.0,0.0,0.0,nan,nan,nan,nan,nan,nan,nan,nan,nan,4.448715925216675,True
8,65,2000,0.0005,0.9771241535346502,20,162.5,274630.48166733666,nan,nan,nan,nan,nan,nan,nan,nan,nan,0.0,0.0,0.0,0.0,0.0,0.0,0.0,0.0,0.0,nan,nan,nan,nan,nan,nan,nan,nan,nan,4.467977523803711,True
8,65,2000,0.0005,0.890735463861044,20,170.5,274818.99931957707,1.0,1.0,1.0,1.0,1.0,1.0,1.0,1.0,1.0,0.018867924528301886,0.0196078431372549,0.02564102564102564,0.01694915254237288,0.013888888888888888,0.020833333333333332,0.020833333333333332,0.020833333333333332,0.019138755980861243,0.037037037037037035,0.038461538461538464,0.05,0.03333333333333333,0.0273972602739726,0.04081632653061225,0.04081632653061225,0.04081632653061225,0.037558685446009384,4.489514350891113,True
8,65,2000,0.0005,0.8119844993184009,20,170.5,274818.99931957707,1.0,1.0,1.0,1.0,1.0,1.0,1.0,1.0,1.0,0.018867924528301886,0.0196078431372549,0.02564102564102564,0.01694915254237288,0.013888888888888888,0.020833333333333332,0.020833333333333332,0.020833333333333332,0.019138755980861243,0.037037037037037035,0.038461538461538464,0.05,0.03333333333333333,0.0273972602739726,0.04081632653061225,0.04081632653061225,0.04081632653061225,0.037558685446009384,4.491296768188477,True
8,65,2000,0.0005,0.7401959996915645,20,170.5,274818.99931957707,1.0,1.0,1.0,1.0,1.0,1.0,1.0,1.0,1.0,0.018867924528301886,0.0196078431372549,0.02564102564102564,0.01694915254237288,0.013888888888888888,0.020833333333333332,0.020833333333333332,0.020833333333333332,0.019138755980861243,0.037037037037037035,0.038461538461538464,0.05,0.03333333333333333,0.0273972602739726,0.04081632653061225,0.04081632653061225,0.04081632653061225,0.037558685446009384,4.508695840835571,True
8,65,2000,0.0005,0.6747544053110693,20,170.5,274818.99931957707,1.0,1.0,1.0,1.0,1.0,1.0,1.0,1.0,1.0,0.018867924528301886,0.0196078431372549,0.02564102564102564,0.01694915254237288,0.013888888888888888,0.020833333333333332,0.020833333333333332,0.020833333333333332,0.019138755980861243,0.037037037037037035,0.038461538461538464,0.05,0.03333333333333333,0.0273972602739726,0.04081632653061225,0.04081632653061225,0.04081632653061225,0.037558685446009384,4.537151575088501,True
8,65,2000,0.0005,0.6150985788580497,20,170.5,274818.99931957707,1.0,1.0,1.0,1.0,1.0,1.0,1.0,1.0,1.0,0.018867924528301886,0.0196078431372549,0.02564102564102564,0.01694915254237288,0.013888888888888888,0.020833333333333332,0.020833333333333332,0.020833333333333332,0.019138755980861243,0.037037037037037035,0.038461538461538464,0.05,0.03333333333333333,0.0273972602739726,0.04081632653061225,0.04081632653061225,0.04081632653061225,0.037558685446009384,4.538973569869995,True
8,65,2000,0.0005,0.5607169938205459,20,170.5,274818.99931957707,1.0,1.0,1.0,1.0,1.0,1.0,1.0,1.0,1.0,0.018867924528301886,0.0196078431372549,0.02564102564102564,0.01694915254237288,0.013888888888888888,0.020833333333333332,0.020833333333333332,0.020833333333333332,0.019138755980861243,0.037037037037037035,0.038461538461538464,0.05,0.03333333333333333,0.0273972602739726,0.04081632653061225,0.04081632653061225,0.04081632653061225,0.037558685446009384,4.576595783233643,True
8,65,2000,0.0005,0.5111433483440165,20,170.5,274818.99931957707,1.0,1.0,1.0,1.0,1.0,1.0,1.0,1.0,1.0,0.018867924528301886,0.0196078431372549,0.02564102564102564,0.01694915254237288,0.013888888888888888,0.020833333333333332,0.020833333333333332,0.020833333333333332,0.019138755980861243,0.037037037037037035,0.038461538461538464,0.05,0.03333333333333333,0.0273972602739726,0.04081632653061225,0.04081632653061225,0.04081632653061225,0.037558685446009384,4.626725673675537,True
8,65,2000,0.0005,0.4659525668664682,20,170.5,274818.99931957707,1.0,1.0,1.0,1.0,1.0,1.0,1.0,1.0,1.0,0.018867924528301886,0.0196078431372549,0.02564102564102564,0.01694915254237288,0.013888888888888888,0.020833333333333332,0.020833333333333332,0.020833333333333332,0.019138755980861243,0.037037037037037035,0.038461538461538464,0.05,0.03333333333333333,0.0273972602739726,0.04081632653061225,0.04081632653061225,0.04081632653061225,0.037558685446009384,4.620598793029785,True
8,65,2000,0.0005,0.42475715525368984,20,170.5,274818.99931957707,1.0,1.0,1.0,1.0,1.0,1.0,1.0,1.0,1.0,0.018867924528301886,0.0196078431372549,0.02564102564102564,0.01694915254237288,0.013888888888888888,0.020833333333333332,0.020833333333333332,0.020833333333333332,0.019138755980861243,0.037037037037037035,0.038461538461538464,0.05,0.03333333333333333,0.0273972602739726,0.04081632653061225,0.04081632653061225,0.04081632653061225,0.037558685446009384,4.6596760749816895,True
8,65,2000,0.0005,0.3872038781812553,20,170.5,274818.99931957707,1.0,1.0,1.0,1.0,1.0,1.0,1.0,1.0,1.0,0.018867924528301886,0.0196078431372549,0.02564102564102564,0.01694915254237288,0.013888888888888888,0.020833333333333332,0.020833333333333332,0.020833333333333332,0.019138755980861243,0.037037037037037035,0.038461538461538464,0.05,0.03333333333333333,0.0273972602739726,0.04081632653061225,0.04081632653061225,0.04081632653061225,0.037558685446009384,4.6782238483428955,True
8,65,2000,0.0005,0.352970730273065,20,170.5,274818.99931957707,1.0,1.0,1.0,1.0,1.0,1.0,1.0,1.0,1.0,0.018867924528301886,0.0196078431372549,0.02564102564102564,0.01694915254237288,0.013888888888888888,0.020833333333333332,0.020833333333333332,0.020833333333333332,0.019138755980861243,0.037037037037037035,0.038461538461538464,0.05,0.03333333333333333,0.0273972602739726,0.04081632653061225,0.04081632653061225,0.04081632653061225,0.037558685446009384,4.762094736099243,True
8,65,2000,0.0005,0.32176417502507354,20,170.5,274818.99931957707,1.0,1.0,1.0,1.0,1.0,1.0,1.0,1.0,1.0,0.018867924528301886,0.0196078431372549,0.02564102564102564,0.01694915254237288,0.013888888888888888,0.020833333333333332,0.020833333333333332,0.020833333333333332,0.019138755980861243,0.037037037037037035,0.038461538461538464,0.05,0.03333333333333333,0.0273972602739726,0.04081632653061225,0.04081632653061225,0.04081632653061225,0.037558685446009384,4.7644593715667725,True
8,65,2000,0.0005,0.29331662783900453,20,178.5,274818.9993194473,1.0,1.0,1.0,1.0,1.0,1.0,1.0,1.0,1.0,0.018867924528301886,0.0196078431372549,0.02564102564102564,0.01694915254237288,0.013888888888888888,0.020833333333333332,0.020833333333333332,0.020833333333333332,0.019138755980861243,0.037037037037037035,0.038461538461538464,0.05,0.03333333333333333,0.0273972602739726,0.04081632653061225,0.04081632653061225,0.04081632653061225,0.037558685446009384,4.8030314445495605,True
8,65,2000,0.0005,0.26738416158399464,20,178.5,274818.9993194473,1.0,1.0,1.0,1.0,1.0,1.0,1.0,1.0,1.0,0.018867924528301886,0.0196078431372549,0.02564102564102564,0.01694915254237288,0.013888888888888888,0.020833333333333332,0.020833333333333332,0.020833333333333332,0.019138755980861243,0.037037037037037035,0.038461538461538464,0.05,0.03333333333333333,0.0273972602739726,0.04081632653061225,0.04081632653061225,0.04081632653061225,0.037558685446009384,4.848181247711182,True
8,65,2000,0.0005,0.24374441501222194,20,187.5,275028.9102480134,1.0,1.0,1.0,1.0,1.0,1.0,1.0,1.0,1.0,0.018867924528301886,0.0196078431372549,0.02564102564102564,0.01694915254237288,0.013888888888888888,0.020833333333333332,0.020833333333333332,0.020833333333333332,0.019138755980861243,0.037037037037037035,0.038461538461538464,0.05,0.03333333333333333,0.0273972602739726,0.04081632653061225,0.04081632653061225,0.04081632653061225,0.037558685446009384,4.895205974578857,True
8,65,2000,0.0005,0.22219468609395238,20,187.5,275028.9102480134,1.0,1.0,1.0,1.0,1.0,1.0,1.0,1.0,1.0,0.018867924528301886,0.0196078431372549,0.02564102564102564,0.01694915254237288,0.013888888888888888,0.020833333333333332,0.020833333333333332,0.020833333333333332,0.019138755980861243,0.037037037037037035,0.038461538461538464,0.05,0.03333333333333333,0.0273972602739726,0.04081632653061225,0.04081632653061225,0.04081632653061225,0.037558685446009384,4.94417142868042,True
8,65,2000,0.0005,0.20255019392306664,20,187.5,275028.9102480134,1.0,1.0,1.0,1.0,1.0,1.0,1.0,1.0,1.0,0.018867924528301886,0.0196078431372549,0.02564102564102564,0.01694915254237288,0.013888888888888888,0.020833333333333332,0.020833333333333332,0.020833333333333332,0.019138755980861243,0.037037037037037035,0.038461538461538464,0.05,0.03333333333333333,0.0273972602739726,0.04081632653061225,0.04081632653061225,0.04081632653061225,0.037558685446009384,5.023580312728882,True
8,65,2000,0.0005,0.18464249428955445,20,187.5,275028.9102480134,1.0,1.0,1.0,1.0,1.0,1.0,1.0,1.0,1.0,0.018867924528301886,0.0196078431372549,0.02564102564102564,0.01694915254237288,0.013888888888888888,0.020833333333333332,0.020833333333333332,0.020833333333333332,0.019138755980861243,0.037037037037037035,0.038461538461538464,0.05,0.03333333333333333,0.0273972602739726,0.04081632653061225,0.04081632653061225,0.04081632653061225,0.037558685446009384,5.0428855419158936,True
8,65,2000,0.0005,0.16831803533309567,20,195.5,275101.80522634083,1.0,1.0,1.0,1.0,1.0,1.0,1.0,1.0,1.0,0.03773584905660377,0.0392156862745098,0.05128205128205128,0.03389830508474576,0.027777777777777776,0.041666666666666664,0.041666666666666664,0.041666666666666664,0.03827751196172249,0.07272727272727272,0.07547169811320754,0.09756097560975609,0.06557377049180328,0.05405405405405406,0.07999999999999999,0.07999999999999999,0.07999999999999999,0.07373271889400922,5.092187404632568,True
8,65,2000,0.0005,0.15343684089300116,20,195.5,275101.80522634083,1.0,1.0,1.0,1.0,1.0,1.0,1.0,1.0,1.0,0.03773584905660377,0.0392156862745098,0.05128205128205128,0.03389830508474576,0.027777777777777776,0.041666666666666664,0.041666666666666664,0.041666666666666664,0.03827751196172249,0.07272727272727272,0.07547169811320754,0.09756097560975609,0.06557377049180328,0.05405405405405406,0.07999999999999999,0.07999999999999999,0.07999999999999999,0.07373271889400922,5.159827709197998,True
8,65,2000,0.0005,0.13987131026472385,20,195.5,275101.80522634083,1.0,1.0,1.0,1.0,1.0,1.0,1.0,1.0,1.0,0.03773584905660377,0.0392156862745098,0.05128205128205128,0.03389830508474576,0.027777777777777776,0.041666666666666664,0.041666666666666664,0.041666666666666664,0.03827751196172249,0.07272727272727272,0.07547169811320754,0.09756097560975609,0.06557377049180328,0.05405405405405406,0.07999999999999999,0.07999999999999999,0.07999999999999999,0.07373271889400922,5.213912725448608,True
8,65,2000,0.0005,0.1275051240713013,20,197.5,275149.7511936184,1.0,1.0,1.0,1.0,1.0,1.0,1.0,1.0,1.0,0.05660377358490566,0.0392156862745098,0.05128205128205128,0.03389830508474576,0.027777777777777776,0.041666666666666664,0.041666666666666664,0.041666666666666664,0.04066985645933014,0.10714285714285715,0.07547169811320754,0.09756097560975609,0.06557377049180328,0.05405405405405406,0.07999999999999999,0.07999999999999999,0.07999999999999999,0.07816091954022987,5.273844003677368,True
8,65,2000,0.0005,0.1162322468679853,20,214.5,275413.12161711615,1.0,1.0,1.0,1.0,1.0,1.0,1.0,0.6666666666666666,0.96,0.07547169811320754,0.058823529411764705,0.07692307692307693,0.05084745762711865,0.041666666666666664,0.0625,0.0625,0.041666666666666664,0.05741626794258373,0.14035087719298245,0.1111111111111111,0.14285714285714288,0.0967741935483871,0.07999999999999999,0.11764705882352941,0.11764705882352941,0.0784313725490196,0.10835214446952596,5.341747999191284,True
8,65,2000,0.0005,0.10595601792776159,20,236.5,275946.51910185895,1.0,1.0,1.0,1.0,1.0,1.0,1.0,0.75,0.9696969696969697,0.09433962264150944,0.0784313725490196,0.10256410256410256,0.06779661016949153,0.05555555555555555,0.08333333333333333,0.08333333333333333,0.0625,0.07655502392344497,0.1724137931034483,0.14545454545454545,0.18604651162790695,0.12698412698412698,0.10526315789473684,0.15384615384615385,0.15384615384615385,0.11538461538461539,0.1419068736141907,5.412248373031616,True
8,65,2000,0.0005,0.09658832241158699,20,236.5,275946.51910185895,1.0,1.0,1.0,1.0,1.0,1.0,1.0,0.75,0.9696969696969697,0.09433962264150944,0.0784313725490196,0.10256410256410256,0.06779661016949153,0.05555555555555555,0.08333333333333333,0.08333333333333333,0.0625,0.07655502392344497,0.1724137931034483,0.14545454545454545,0.18604651162790695,0.12698412698412698,0.10526315789473684,0.15384615384615385,0.15384615384615385,0.11538461538461539,0.1419068736141907,5.446326971054077,True
8,65,2000,0.0005,0.08804883581643465,20,252.5,275946.5188714305,0.8333333333333334,1.0,1.0,1.0,1.0,1.0,1.0,0.6,0.926829268292683,0.09433962264150944,0.09803921568627451,0.1282051282051282,0.0847457627118644,0.06944444444444445,0.10416666666666667,0.10416666666666667,0.0625,0.09090909090909091,0.16949152542372883,0.17857142857142855,0.22727272727272727,0.15625,0.12987012987012989,0.18867924528301885,0.18867924528301885,0.11320754716981132,0.1655773420479303,5.525669097900391,True
8,65,2000,0.0005,0.08026433522257174,20,260.5,276140.9030424189,0.8333333333333334,1.0,1.0,1.0,1.0,1.0,1.0,0.6,0.926829268292683,0.09433962264150944,0.09803921568627451,0.1282051282051282,0.0847457627118644,0.06944444444444445,0.10416666666666667,0.10416666666666667,0.0625,0.09090909090909091,0.16949152542372883,0.17857142857142855,0.22727272727272727,0.15625,0.12987012987012989,0.18867924528301885,0.18867924528301885,0.11320754716981132,0.1655773420479303,5.556336164474487,True
8,65,2000,0.0005,0.07316807143427193,20,260.5,276140.9030424189,0.8333333333333334,1.0,1.0,1.0,1.0,1.0,1.0,0.6,0.926829268292683,0.09433962264150944,0.09803921568627451,0.1282051282051282,0.0847457627118644,0.06944444444444445,0.10416666666666667,0.10416666666666667,0.0625,0.09090909090909091,0.16949152542372883,0.17857142857142855,0.22727272727272727,0.15625,0.12987012987012989,0.18867924528301885,0.18867924528301885,0.11320754716981132,0.1655773420479303,5.626070737838745,True
8,65,2000,0.0005,0.06669919663030122,20,270.5,276188.31999775046,0.8333333333333334,1.0,1.0,1.0,1.0,1.0,1.0,0.6,0.926829268292683,0.09433962264150944,0.09803921568627451,0.1282051282051282,0.0847457627118644,0.06944444444444445,0.10416666666666667,0.10416666666666667,0.0625,0.09090909090909091,0.16949152542372883,0.17857142857142855,0.22727272727272727,0.15625,0.12987012987012989,0.18867924528301885,0.18867924528301885,0.11320754716981132,0.1655773420479303,5.695599794387817,True
8,65,2000,0.0005,0.06080224261649421,20,281.5,276429.8368582716,0.8333333333333334,1.0,1.0,1.0,1.0,1.0,1.0,0.6,0.9318181818181818,0.09433962264150944,0.09803921568627451,0.15384615384615385,0.0847457627118644,0.06944444444444445,0.125,0.125,0.0625,0.09808612440191387,0.16949152542372883,0.17857142857142855,0.2666666666666667,0.15625,0.12987012987012989,0.2222222222222222,0.2222222222222222,0.11320754716981132,0.17748917748917747,5.746248245239258,True
8,65,2000,0.0005,0.05542664520663107,20,291.5,276674.46692970744,0.8333333333333334,1.0,1.0,1.0,1.0,1.0,1.0,0.6666666666666666,0.9387755102040817,0.09433962264150944,0.11764705882352941,0.15384615384615385,0.1016949152542373,0.08333333333333333,0.14583333333333334,0.125,0.08333333333333333,0.11004784688995216,0.16949152542372883,0.21052631578947367,0.2666666666666667,0.18461538461538463,0.15384615384615385,0.2545454545454546,0.2222222222222222,0.14814814814814814,0.19700214132762314,5.7665605545043945,True
8,65,2000,0.0005,0.0505263106533568,20,306.5,276868.8536621552,0.8571428571428571,1.0,0.8571428571428571,1.0,1.0,1.0,1.0,0.7142857142857143,0.9285714285714286,0.11320754716981132,0.13725490196078433,0.15384615384615385,0.11864406779661017,0.09722222222222222,0.14583333333333334,0.14583333333333334,0.10416666666666667,0.12440191387559808,0.2,0.24137931034482762,0.2608695652173913,0.21212121212121215,0.17721518987341772,0.2545454545454546,0.2545454545454546,0.18181818181818182,0.21940928270042193,5.8205015659332275,True
8,65,2000,0.0005,0.04605922041145104,20,307.5,276868.85364535276,0.8571428571428571,1.0,0.8571428571428571,1.0,1.0,1.0,1.0,0.7142857142857143,0.9285714285714286,0.11320754716981132,0.13725490196078433,0.15384615384615385,0.11864406779661017,0.09722222222222222,0.14583333333333334,0.14583333333333334,0.10416666666666667,0.12440191387559808,0.2,0.24137931034482762,0.2608695652173913,0.21212121212121215,0.17721518987341772,0.2545454545454546,0.2545454545454546,0.18181818181818182,0.21940928270042193,5.905847787857056,True
8,65,2000,0.0005,0.0419870708444391,20,307.5,276868.85364535276,0.8571428571428571,1.0,0.8571428571428571,1.0,1.0,1.0,1.0,0.7142857142857143,0.9285714285714286,0.11320754716981132,0.13725490196078433,0.15384615384615385,0.11864406779661017,0.09722222222222222,0.14583333333333334,0.14583333333333334,0.10416666666666667,0.12440191387559808,0.2,0.24137931034482762,0.2608695652173913,0.21212121212121215,0.17721518987341772,0.2545454545454546,0.2545454545454546,0.18181818181818182,0.21940928270042193,5.946452617645264,True
8,65,2000,0.0005,0.03827494478516311,20,307.5,276868.85364535276,0.8571428571428571,1.0,0.8571428571428571,1.0,1.0,1.0,1.0,0.7142857142857143,0.9285714285714286,0.11320754716981132,0.13725490196078433,0.15384615384615385,0.11864406779661017,0.09722222222222222,0.14583333333333334,0.14583333333333334,0.10416666666666667,0.12440191387559808,0.2,0.24137931034482762,0.2608695652173913,0.21212121212121215,0.17721518987341772,0.2545454545454546,0.2545454545454546,0.18181818181818182,0.21940928270042193,5.979810476303101,True
8,65,2000,0.0005,0.034891012134067735,20,315.5,277063.23916230013,0.8571428571428571,1.0,0.8571428571428571,1.0,1.0,1.0,1.0,0.7142857142857143,0.9285714285714286,0.11320754716981132,0.13725490196078433,0.15384615384615385,0.11864406779661017,0.09722222222222222,0.14583333333333334,0.14583333333333334,0.10416666666666667,0.12440191387559808,0.2,0.24137931034482762,0.2608695652173913,0.21212121212121215,0.17721518987341772,0.2545454545454546,0.2545454545454546,0.18181818181818182,0.21940928270042193,6.024776458740234,True
8,65,2000,0.0005,0.031806256927941194,20,348.5,277474.00872078736,0.8571428571428571,1.0,0.8571428571428571,1.0,1.0,1.0,1.0,0.7142857142857143,0.9285714285714286,0.11320754716981132,0.13725490196078433,0.15384615384615385,0.11864406779661017,0.09722222222222222,0.14583333333333334,0.14583333333333334,0.10416666666666667,0.12440191387559808,0.2,0.24137931034482762,0.2608695652173913,0.21212121212121215,0.17721518987341772,0.2545454545454546,0.2545454545454546,0.18181818181818182,0.21940928270042193,6.051450252532959,True
8,65,2000,0.0005,0.028994228538828753,20,364.5,277848.642516547,0.8888888888888888,1.0,0.8888888888888888,1.0,1.0,1.0,1.0,0.7777777777777778,0.9444444444444444,0.1509433962264151,0.17647058823529413,0.20512820512820512,0.15254237288135594,0.125,0.1875,0.1875,0.14583333333333334,0.16267942583732056,0.25806451612903225,0.3,0.3333333333333333,0.2647058823529412,0.2222222222222222,0.3157894736842105,0.3157894736842105,0.24561403508771928,0.27755102040816326,6.131117582321167,True
8,65,2000,0.0005,0.026430814869741057,20,389.5,278285.347596591,0.9090909090909091,0.9090909090909091,0.9090909090909091,1.0,0.9166666666666666,1.0,1.0,0.7272727272727273,0.9213483146067416,0.18867924528301888,0.19607843137254902,0.2564102564102564,0.1864406779661017,0.1527777777777778,0.22916666666666666,0.22916666666666666,0.16666666666666666,0.19617224880382775,0.3125,0.3225806451612903,0.3999999999999999,0.3142857142857143,0.2619047619047619,0.37288135593220334,0.37288135593220334,0.2711864406779661,0.3234714003944773,6.1420722007751465,True
8,65,2000,0.0005,0.024094035602395245,20,391.5,278285.34754082735,0.9090909090909091,0.9090909090909091,0.9090909090909091,1.0,0.9166666666666666,1.0,1.0,0.7272727272727273,0.9213483146067416,0.18867924528301888,0.19607843137254902,0.2564102564102564,0.1864406779661017,0.1527777777777778,0.22916666666666666,0.22916666666666666,0.16666666666666666,0.19617224880382775,0.3125,0.3225806451612903,0.3999999999999999,0.3142857142857143,0.2619047619047619,0.37288135593220334,0.37288135593220334,0.2711864406779661,0.3234714003944773,6.204000473022461,True
8,65,2000,0.0005,0.02196385372416547,20,428.5,278592.09279747074,0.9090909090909091,0.9090909090909091,0.9090909090909091,1.0,0.9166666666666666,1.0,1.0,0.7272727272727273,0.9213483146067416,0.18867924528301888,0.19607843137254902,0.2564102564102564,0.1864406779661017,0.1527777777777778,0.22916666666666666,0.22916666666666666,0.16666666666666666,0.19617224880382775,0.3125,0.3225806451612903,0.3999999999999999,0.3142857142857143,0.2619047619047619,0.37288135593220334,0.37288135593220334,0.2711864406779661,0.3234714003944773,6.207444190979004,True
8,65,2000,0.0005,0.020022003718155844,20,476.5,279714.1879453562,0.9230769230769231,0.9230769230769231,0.9230769230769231,1.0,0.9285714285714286,1.0,1.0,0.7692307692307693,0.9333333333333333,0.22641509433962265,0.23529411764705882,0.3076923076923077,0.22033898305084745,0.18055555555555555,0.2708333333333333,0.2708333333333333,0.20833333333333334,0.23444976076555024,0.36363636363636365,0.375,0.4615384615384615,0.3611111111111111,0.3023255813953489,0.4262295081967213,0.4262295081967213,0.32786885245901637,0.37476099426386233,6.251251459121704,True
8,65,2000,0.0005,0.018251834943190423,20,508.5,280473.0192858986,0.9333333333333333,0.8666666666666667,0.9333333333333333,1.0,0.9375,1.0,1.0,0.8,0.9338842975206612,0.2641509433962264,0.2549019607843137,0.358974358974359,0.2542372881355932,0.20833333333333334,0.3125,0.3125,0.25,0.2703349282296651,0.411764705882353,0.3939393939393939,0.5185185185185185,0.4054054054054054,0.34090909090909094,0.47619047619047616,0.47619047619047616,0.38095238095238093,0.41929499072356224,6.287030458450317,True
8,65,2000,0.0005,0.01663816886076129,20,532.5,281056.1771791497,0.9333333333333333,0.8666666666666667,0.9333333333333333,1.0,0.9375,1.0,1.0,0.8,0.9338842975206612,0.2641509433962264,0.2549019607843137,0.358974358974359,0.2542372881355932,0.20833333333333334,0.3125,0.3125,0.25,0.2703349282296651,0.411764705882353,0.3939393939393939,0.5185185185185185,0.4054054054054054,0.34090909090909094,0.47619047619047616,0.47619047619047616,0.38095238095238093,0.41929499072356224,6.314026355743408,True
8,65,2000,0.0005,0.015167168884709226,20,573.5,281831.77195789205,0.8823529411764706,0.8235294117647058,0.8823529411764706,1.0,0.8947368421052632,0.9411764705882353,1.0,0.8235294117647058,0.9057971014492754,0.2830188679245283,0.27450980392156865,0.38461538461538464,0.288135593220339,0.2361111111111111,0.3333333333333333,0.3541666666666667,0.2916666666666667,0.29904306220095694,0.4285714285714286,0.4117647058823529,0.5357142857142858,0.4473684210526315,0.3736263736263737,0.49230769230769234,0.5230769230769231,0.4307692307692308,0.44964028776978415,6.331300258636475,True
8,65,2000,0.0005,0.013826221737646563,20,590.5,282220.7814620157,0.8888888888888888,0.8333333333333334,0.8888888888888888,1.0,0.9,0.9444444444444444,1.0,0.8333333333333334,0.910958904109589,0.3018867924528302,0.29411764705882354,0.41025641025641024,0.3050847457627119,0.25,0.3541666666666667,0.375,0.3125,0.3181818181818182,0.45070422535211263,0.4347826086956522,0.5614035087719298,0.4675324675324675,0.391304347826087,0.5151515151515151,0.5454545454545454,0.45454545454545453,0.4716312056737588,6.3636791706085205,True
8,65,2000,0.0005,0.012603829296797275,20,655.5,283461.0641288089,0.8947368421052632,0.8,0.8947368421052632,1.0,0.9047619047619048,0.9,1.0,0.8421052631578947,0.9038461538461539,0.32075471698113206,0.3137254901960784,0.4358974358974359,0.3220338983050847,0.2638888888888889,0.375,0.3958333333333333,0.3333333333333333,0.3373205741626794,0.47222222222222215,0.45070422535211263,0.5862068965517242,0.4871794871794871,0.4086021505376344,0.5294117647058825,0.5671641791044776,0.4776119402985075,0.4912891986062718,6.398765325546265,True
8,65,2000,0.0005,0.011489510001873086,20,702.5,284138.92845574685,0.8181818181818182,0.8181818181818182,0.8181818181818182,0.9545454545454546,0.875,0.9090909090909091,0.9545454545454546,0.8181818181818182,0.8707865168539326,0.33962264150943394,0.35294117647058826,0.46153846153846156,0.3559322033898305,0.2916666666666667,0.4166666666666667,0.4375,0.375,0.3708133971291866,0.48,0.49315068493150693,0.5901639344262295,0.5185185185185185,0.43750000000000006,0.5714285714285715,0.6,0.5142857142857142,0.5201342281879193,6.472069978713989,True
8,65,2000,0.0005,0.010473708979594498,20,763.5,285295.040838359,0.782608695652174,0.782608695652174,0.782608695652174,0.9130434782608695,0.875,0.8695652173913043,0.9130434782608695,0.782608695652174,0.8378378378378378,0.33962264150943394,0.35294117647058826,0.46153846153846156,0.3559322033898305,0.2916666666666667,0.4166666666666667,0.4375,0.375,0.3708133971291866,0.47368421052631576,0.48648648648648657,0.5806451612903226,0.5121951219512195,0.43750000000000006,0.5633802816901409,0.5915492957746479,0.5070422535211269,0.5140961857379768,6.461956739425659,True
8,65,2000,0.0005,0.009547716114208066,20,811.5,286229.9333768458,0.76,0.72,0.76,0.88,0.88,0.8,0.88,0.76,0.805,0.3584905660377358,0.35294117647058826,0.48717948717948717,0.3728813559322034,0.3055555555555556,0.4166666666666667,0.4583333333333333,0.3958333333333333,0.38516746411483255,0.48717948717948717,0.4736842105263158,0.59375,0.5238095238095238,0.45360824742268036,0.547945205479452,0.6027397260273972,0.5205479452054795,0.5210355987055016,6.485607624053955,True
8,65,2000,0.0005,0.008703591361485167,20,835.5,286855.4310432923,0.76,0.72,0.76,0.88,0.88,0.8,0.88,0.76,0.805,0.3584905660377358,0.35294117647058826,0.48717948717948717,0.3728813559322034,0.3055555555555556,0.4166666666666667,0.4583333333333333,0.3958333333333333,0.38516746411483255,0.48717948717948717,0.4736842105263158,0.59375,0.5238095238095238,0.45360824742268036,0.547945205479452,0.6027397260273972,0.5205479452054795,0.5210355987055016,6.466806650161743,True
8,65,2000,0.0005,0.007934096665797492,20,876.5,287291.147635304,0.76,0.72,0.76,0.88,0.88,0.8,0.88,0.76,0.805,0.3584905660377358,0.35294117647058826,0.48717948717948717,0.3728813559322034,0.3055555555555556,0.4166666666666667,0.4583333333333333,0.3958333333333333,0.38516746411483255,0.48717948717948717,0.4736842105263158,0.59375,0.5238095238095238,0.45360824742268036,0.547945205479452,0.6027397260273972,0.5205479452054795,0.5210355987055016,6.5274834632873535,True
8,65,2000,0.0005,0.007232633896483534,20,924.5,288113.733941987,0.7692307692307693,0.7307692307692307,0.7692307692307693,0.8846153846153846,0.8846153846153846,0.8076923076923077,0.8846153846153846,0.7692307692307693,0.8125,0.37735849056603776,0.37254901960784315,0.5128205128205128,0.3898305084745763,0.3194444444444444,0.4375,0.4791666666666667,0.4166666666666667,0.4043062200956938,0.5063291139240507,0.49350649350649345,0.6153846153846154,0.5411764705882353,0.4693877551020407,0.5675675675675675,0.6216216216216216,0.5405405405405406,0.5399361022364217,6.5379557609558105,True
8,65,2000,0.0005,0.006593188271333541,20,977.5,289371.406846148,0.7241379310344828,0.6896551724137931,0.7241379310344828,0.8275862068965517,0.8275862068965517,0.7586206896551724,0.8275862068965517,0.7333333333333333,0.7639484978540773,0.39622641509433965,0.39215686274509803,0.5384615384615384,0.4067796610169492,0.3333333333333333,0.4583333333333333,0.5,0.4583333333333333,0.4258373205741627,0.5121951219512195,0.5,0.6176470588235294,0.5454545454545454,0.4752475247524752,0.5714285714285715,0.6233766233766235,0.5641025641025641,0.5468509984639017,6.5483105182647705,True
8,65,2000,0.0005,0.006010276782070388,20,1001.5,289467.67340171436,0.7241379310344828,0.6896551724137931,0.7241379310344828,0.8275862068965517,0.8275862068965517,0.7586206896551724,0.8275862068965517,0.7333333333333333,0.7639484978540773,0.39622641509433965,0.39215686274509803,0.5384615384615384,0.4067796610169492,0.3333333333333333,0.4583333333333333,0.5,0.4583333333333333,0.4258373205741627,0.5121951219512195,0.5,0.6176470588235294,0.5454545454545454,0.4752475247524752,0.5714285714285715,0.6233766233766235,0.5641025641025641,0.5468509984639017,6.571344614028931,True
8,65,2000,0.0005,0.005478901179593945,20,1024.5,290208.63835241646,0.7419354838709677,0.7,0.7333333333333333,0.8333333333333334,0.8333333333333334,0.7666666666666667,0.8333333333333334,0.7419354838709677,0.7727272727272727,0.4339622641509434,0.4117647058823529,0.5641025641025641,0.423728813559322,0.3472222222222222,0.4791666666666667,0.5208333333333334,0.4791666666666667,0.4473684210526316,0.5476190476190477,0.5185185185185185,0.6376811594202899,0.5617977528089888,0.49019607843137253,0.5897435897435898,0.6410256410256411,0.5822784810126582,0.5666666666666667,6.610727787017822,True
8,65,2000,0.0005,0.00499450511585514,20,1066.5,290208.6366917173,0.696969696969697,0.696969696969697,0.6875,0.8125,0.8125,0.75,0.78125,0.7272727272727273,0.7451737451737451,0.4339622641509434,0.45098039215686275,0.5641025641025641,0.4406779661016949,0.3611111111111111,0.5,0.5208333333333334,0.5,0.46172248803827753,0.5348837209302327,0.5476190476190477,0.619718309859155,0.5714285714285714,0.5,0.6,0.625,0.5925925925925926,0.5701624815361891,6.5929975509643555,True
8,65,2000,0.0005,0.004552935074866948,20,1148.5,290692.4307750995,0.6857142857142857,0.6857142857142857,0.7058823529411765,0.8235294117647058,0.8235294117647058,0.7428571428571429,0.7941176470588235,0.7428571428571429,0.75,0.4528301886792453,0.47058823529411764,0.6153846153846154,0.4745762711864407,0.3888888888888889,0.5416666666666666,0.5625,0.5416666666666666,0.49521531100478466,0.5454545454545454,0.558139534883721,0.6575342465753424,0.6021505376344086,0.5283018867924528,0.6265060240963857,0.6585365853658537,0.6265060240963857,0.5965417867435159,6.575332164764404,True
8,65,2000,0.0005,0.004150404757850472,20,1220.5,291535.16076371307,0.6756756756756757,0.6842105263157895,0.7027027027027027,0.8108108108108109,0.8108108108108109,0.7368421052631579,0.7837837837837838,0.7105263157894737,0.7391304347826086,0.4716981132075472,0.5098039215686274,0.6666666666666666,0.5084745762711864,0.4166666666666667,0.5833333333333334,0.6041666666666666,0.5625,0.5287081339712919,0.5555555555555556,0.5842696629213484,0.6842105263157895,0.6249999999999999,0.5504587155963303,0.6511627906976745,0.6823529411764706,0.627906976744186,0.6164574616457461,6.630163192749023,True
8,65,2000,0.0005,0.003783462617131925,20,1297.5,292577.73897461966,0.65,0.6585365853658537,0.675,0.775,0.775,0.7073170731707317,0.75,0.6829268292682927,0.7089783281733746,0.49056603773584906,0.5294117647058824,0.6923076923076923,0.5254237288135594,0.4305555555555556,0.6041666666666666,0.625,0.5833333333333334,0.5478468899521531,0.5591397849462365,0.5869565217391304,0.6835443037974683,0.6262626262626263,0.5535714285714286,0.6516853932584269,0.6818181818181818,0.6292134831460675,0.6180836707152497,6.657346725463867,True
8,65,2000,0.0005,0.0034489622604057598,20,1393.5,293006.3909895851,0.6428571428571429,0.6666666666666666,0.6829268292682927,0.7804878048780488,0.7804878048780488,0.7142857142857143,0.7560975609756098,0.6904761904761905,0.713855421686747,0.5094339622641509,0.5490196078431373,0.717948717948718,0.5423728813559322,0.4444444444444444,0.625,0.6458333333333334,0.6041666666666666,0.5669856459330144,0.568421052631579,0.6021505376344086,0.7000000000000001,0.64,0.5663716814159292,0.6666666666666666,0.6966292134831461,0.6444444444444444,0.632,6.631166458129883,True
8,65,2000,0.0005,0.0031440354715915,20,1477.5,293175.740627064,0.6444444444444445,0.6444444444444445,0.6818181818181818,0.7727272727272727,0.7727272727272727,0.6808510638297872,0.75,0.6888888888888889,0.7039106145251397,0.5471698113207547,0.5686274509803921,0.7692307692307693,0.576271186440678,0.4722222222222222,0.6666666666666666,0.6875,0.6458333333333334,0.6028708133971292,0.5918367346938775,0.6041666666666666,0.7228915662650602,0.6601941747572816,0.5862068965517242,0.6736842105263158,0.717391304347826,0.6666666666666667,0.6494845360824743,6.64539909362793,True
8,65,2000,0.0005,0.0028660676169482502,20,1518.5,294050.1581316005,0.6444444444444445,0.6304347826086957,0.6521739130434783,0.7727272727272727,0.7727272727272727,0.6666666666666666,0.75,0.6739130434782609,0.6942148760330579,0.5471698113207547,0.5686274509803921,0.7692307692307693,0.576271186440678,0.4722222222222222,0.6666666666666666,0.6875,0.6458333333333334,0.6028708133971292,0.5918367346938775,0.5979381443298969,0.7058823529411764,0.6601941747572816,0.5862068965517242,0.6666666666666666,0.717391304347826,0.6595744680851064,0.645326504481434,6.663864612579346,True
8,65,2000,0.0005,0.0026126752255633263,20,1573.5,293753.38031404396,0.6382978723404256,0.6078431372549019,0.625,0.7608695652173914,0.7446808510638298,0.64,0.7391304347826086,0.6666666666666666,0.6762402088772846,0.5660377358490566,0.6078431372549019,0.7692307692307693,0.5932203389830508,0.4861111111111111,0.6666666666666666,0.7083333333333334,0.6666666666666666,0.6196172248803827,0.6,0.6078431372549019,0.6896551724137931,0.6666666666666667,0.5882352941176471,0.6530612244897959,0.723404255319149,0.6666666666666666,0.6466916354556804,6.6636669635772705,True
8,65,2000,0.0005,0.002381685551976156,20,1634.5,294453.41177628504,0.64,0.5818181818181818,0.5882352941176471,0.7551020408163265,0.74,0.6296296296296297,0.7346938775510204,0.6666666666666666,0.6650366748166259,0.6037735849056604,0.6274509803921569,0.7692307692307693,0.6271186440677966,0.5138888888888888,0.7083333333333334,0.75,0.7083333333333334,0.6507177033492823,0.6213592233009708,0.6037735849056604,0.6666666666666667,0.6851851851851852,0.6065573770491802,0.6666666666666667,0.7422680412371135,0.6868686868686869,0.6577992744860943,6.687309980392456,True
8,65,2000,0.0005,0.002171117945694505,20,1713.5,294859.98670665384,0.6296296296296297,0.5517241379310345,0.5925925925925926,0.75,0.7358490566037735,0.5932203389830508,0.7307692307692307,0.660377358490566,0.6528735632183909,0.6415094339622641,0.6274509803921569,0.8205128205128205,0.6610169491525424,0.5416666666666666,0.7291666666666666,0.7916666666666666,0.7291666666666666,0.6794258373205742,0.6355140186915889,0.5871559633027523,0.6881720430107526,0.7027027027027027,0.624,0.6542056074766355,0.76,0.693069306930693,0.6658851113716295,6.737931728363037,True
8,65,2000,0.0005,0.0019791668678535573,20,1814.5,296598.38201985916,0.5932203389830508,0.532258064516129,0.559322033898305,0.7017543859649122,0.6896551724137931,0.5714285714285714,0.6842105263157895,0.6206896551724138,0.6173361522198731,0.660377358490566,0.6470588235294118,0.8461538461538461,0.6779661016949152,0.5555555555555556,0.75,0.8125,0.75,0.6985645933014354,0.625,0.5840707964601771,0.673469387755102,0.689655172413793,0.6153846153846154,0.6486486486486486,0.742857142857143,0.679245283018868,0.6554433221099888,6.769144773483276,True
8,65,2000,0.0005,0.0018041864093920718,20,1892.5,296937.2785145284,0.578125,0.5303030303030303,0.53125,0.6774193548387096,0.6825396825396826,0.5757575757575758,0.6612903225806451,0.5714285714285714,0.6,0.6981132075471698,0.6862745098039216,0.8717948717948718,0.711864406779661,0.5972222222222222,0.7916666666666666,0.8541666666666666,0.75,0.7320574162679426,0.6324786324786325,0.5982905982905983,0.6601941747572816,0.6942148760330579,0.6370370370370372,0.6666666666666667,0.7454545454545455,0.6486486486486486,0.6594827586206897,6.765408992767334,True
8,65,2000,0.0005,0.0016446761779946627,20,1945.5,297858.9086324042,0.5588235294117647,0.5072463768115942,0.4927536231884058,0.6615384615384615,0.6666666666666666,0.5671641791044776,0.6212121212121212,0.5606060606060606,0.5783582089552238,0.7169811320754716,0.6862745098039216,0.8717948717948718,0.7288135593220338,0.6111111111111112,0.7916666666666666,0.8541666666666666,0.7708333333333334,0.7416267942583732,0.6280991735537189,0.5833333333333334,0.6296296296296297,0.6935483870967741,0.6376811594202899,0.6608695652173913,0.7192982456140351,0.6491228070175438,0.649895178197065,6.783383369445801,True
8,65,2000,0.0005,0.001499268432786044,20,2026.5,300994.5434785385,0.5277777777777778,0.4794520547945205,0.4657534246575342,0.6323529411764706,0.6376811594202898,0.5277777777777778,0.5857142857142857,0.5285714285714286,0.54673721340388,0.7169811320754716,0.6862745098039216,0.8717948717948718,0.7288135593220338,0.6111111111111112,0.7916666666666666,0.8541666666666666,0.7708333333333334,0.7416267942583732,0.608,0.5645161290322581,0.6071428571428571,0.6771653543307087,0.624113475177305,0.6333333333333333,0.6949152542372882,0.6271186440677967,0.6294416243654822,6.792415142059326,True
8,65,2000,0.0005,0.0013667163564620073,20,2120.5,301328.6629716604,0.4936708860759494,0.4444444444444444,0.43037974683544306,0.581081081081081,0.6,0.48717948717948717,0.5466666666666666,0.49333333333333335,0.5081168831168831,0.7358490566037735,0.7058823529411765,0.8717948717948718,0.7288135593220338,0.625,0.7916666666666666,0.8541666666666666,0.7708333333333334,0.7488038277511961,0.5909090909090908,0.5454545454545455,0.576271186440678,0.6466165413533834,0.6122448979591836,0.6031746031746031,0.6666666666666665,0.6016260162601627,0.6054158607350097,6.799257040023804,True
8,65,2000,0.0005,0.0012458833642950082,20,2246.5,302248.39480373927,0.43820224719101125,0.41304347826086957,0.38636363636363635,0.5119047619047619,0.5294117647058824,0.43820224719101125,0.4823529411764706,0.43529411764705883,0.4533715925394548,0.7358490566037735,0.7450980392156863,0.8717948717948718,0.7288135593220338,0.625,0.8125,0.8541666666666666,0.7708333333333334,0.7559808612440191,0.5492957746478873,0.5314685314685315,0.5354330708661418,0.6013986013986015,0.5732484076433121,0.5693430656934307,0.6165413533834586,0.5563909774436091,0.5668161434977578,6.782391786575317,True
8,65,2000,0.0005,0.001135733358343105,20,2329.5,301883.40869338706,0.41237113402061853,0.39,0.3617021276595745,0.4777777777777778,0.4945054945054945,0.4105263157894737,0.44565217391304346,0.4065934065934066,0.424,0.7547169811320755,0.7647058823529411,0.8717948717948718,0.7288135593220338,0.625,0.8125,0.8541666666666666,0.7708333333333334,0.7607655502392344,0.5333333333333333,0.5165562913907285,0.5112781954887218,0.5771812080536913,0.5521472392638037,0.5454545454545455,0.5857142857142857,0.5323741007194245,0.5445205479452054,6.780563592910767,True
8,65,2000,0.0005,0.0010353218432956617,20,2448.5,302851.5041444197,0.40816326530612246,0.375,0.35051546391752575,0.4673913043478261,0.47368421052631576,0.39,0.44086021505376344,0.3894736842105263,0.4108527131782946,0.7547169811320755,0.7647058823529411,0.8717948717948718,0.7288135593220338,0.625,0.8125,0.8541666666666666,0.7708333333333334,0.7607655502392344,0.5298013245033113,0.5032258064516129,0.4999999999999999,0.5695364238410596,0.5389221556886228,0.527027027027027,0.5815602836879433,0.5174825174825175,0.5335570469798658,6.822238206863403,True
8,65,2000,0.0005,0.0009437878277775371,20,2551.5,304303.73603691993,0.38461538461538464,0.3669724770642202,0.3269230769230769,0.45454545454545453,0.4563106796116505,0.38317757009345793,0.41836734693877553,0.3786407766990291,0.3954050785973398,0.7547169811320755,0.7843137254901961,0.8717948717948718,0.7627118644067796,0.6527777777777778,0.8541666666666666,0.8541666666666666,0.8125,0.7822966507177034,0.5095541401273886,0.5000000000000001,0.4755244755244756,0.569620253164557,0.537142857142857,0.529032258064516,0.5616438356164384,0.5165562913907285,0.5253012048192771,6.833685874938965,True
8,65,2000,0.0005,0.000860346441668451,20,2648.5,306681.05138273386,0.36363636363636365,0.3418803418803419,0.30357142857142855,0.4339622641509434,0.43243243243243246,0.36283185840707965,0.3867924528301887,0.36363636363636365,0.3728813559322034,0.7547169811320755,0.7843137254901961,0.8717948717948718,0.7796610169491526,0.6666666666666666,0.8541666666666666,0.8541666666666666,0.8333333333333334,0.7894736842105263,0.49079754601227,0.4761904761904762,0.45033112582781454,0.5575757575757576,0.5245901639344263,0.5093167701863355,0.5324675324675325,0.5063291139240507,0.5065234075211051,6.8095386028289795,True
8,65,2000,0.0005,0.0007842822061337682,20,2787.5,308113.03893140296,0.35714285714285715,0.3360655737704918,0.2905982905982906,0.4144144144144144,0.41379310344827586,0.3445378151260504,0.36607142857142855,0.3418803418803419,0.357451403887689,0.7547169811320755,0.803921568627451,0.8717948717948718,0.7796610169491526,0.6666666666666666,0.8541666666666666,0.8541666666666666,0.8333333333333334,0.7918660287081339,0.48484848484848486,0.47398843930635837,0.4358974358974359,0.5411764705882354,0.5106382978723404,0.4910179640718563,0.5125,0.48484848484848486,0.4925595238095238,6.854129314422607,True
8,65,2000,0.0005,0.0007149428986597577,20,2851.5,308209.4508546649,0.3418803418803419,0.328,0.2786885245901639,0.40350877192982454,0.3902439024390244,0.3360655737704918,0.3474576271186441,0.32786885245901637,0.34371754932502596,0.7547169811320755,0.803921568627451,0.8717948717948718,0.7796610169491526,0.6666666666666666,0.8541666666666666,0.8541666666666666,0.8333333333333334,0.7918660287081339,0.47058823529411775,0.4659090909090909,0.4223602484472049,0.5317919075144508,0.4923076923076923,0.4823529411764706,0.4939759036144578,0.4705882352941176,0.47936278059377263,6.834213733673096,True
8,65,2000,0.0005,0.000651733960488242,20,2975.5,308135.1812388197,0.3387096774193548,0.3208955223880597,0.26356589147286824,0.3898305084745763,0.3875968992248062,0.3228346456692913,0.33064516129032256,0.3125,0.33267522211253703,0.7924528301886793,0.8431372549019608,0.8717948717948718,0.7796610169491526,0.6944444444444444,0.8541666666666666,0.8541666666666666,0.8333333333333334,0.80622009569378,0.4745762711864407,0.4648648648648648,0.40476190476190477,0.519774011299435,0.4975124378109453,0.4685714285714285,0.4767441860465116,0.45454545454545453,0.4709993011879804,6.834781885147095,True
8,65,2000,0.0005,0.0005941133984965028,20,3103.5,309785.64174292795,0.3230769230769231,0.3055555555555556,0.25,0.376,0.37777777777777777,0.3088235294117647,0.3153846153846154,0.2962962962962963,0.3183940242763772,0.7924528301886793,0.8627450980392157,0.8717948717948718,0.7966101694915254,0.7083333333333334,0.875,0.8541666666666666,0.8333333333333334,0.8157894736842105,0.459016393442623,0.45128205128205134,0.38857142857142857,0.5108695652173914,0.49275362318840576,0.45652173913043487,0.46067415730337075,0.4371584699453551,0.458025520483546,6.86674165725708,True
8,65,2000,0.0005,0.0005415871378079476,20,3279.5,311604.1774204834,0.2953020134228188,0.2839506172839506,0.2328767123287671,0.34057971014492755,0.33774834437086093,0.27388535031847133,0.2808219178082192,0.2702702702702703,0.28905597326649957,0.8301886792452831,0.9019607843137255,0.8717948717948718,0.7966101694915254,0.7083333333333334,0.8958333333333334,0.8541666666666666,0.8333333333333334,0.8277511961722488,0.4356435643564357,0.43192488262910794,0.36756756756756753,0.4771573604060914,0.45739910313901344,0.4195121951219512,0.4226804123711341,0.4081632653061225,0.42848297213622283,6.93893575668335,True
8,65,2000,0.0005,0.0004937047852839004,20,3441.5,313786.774071516,0.2732919254658385,0.26285714285714284,0.21794871794871795,0.31333333333333335,0.3128834355828221,0.2529411764705882,0.25949367088607594,0.25157232704402516,0.2678018575851393,0.8301886792452831,0.9019607843137255,0.8717948717948718,0.7966101694915254,0.7083333333333334,0.8958333333333334,0.8541666666666666,0.8333333333333334,0.8277511961722488,0.4112149532710281,0.40707964601769914,0.3487179487179487,0.44976076555023925,0.4340425531914894,0.39449541284403666,0.39805825242718446,0.3864734299516908,0.40467836257309936,6.958341121673584,True
8,65,2000,0.0005,0.00045005576757004977,20,3621.5,314851.44383136963,0.24858757062146894,0.24736842105263157,0.20118343195266272,0.2974683544303797,0.30357142857142855,0.23655913978494625,0.2411764705882353,0.23255813953488372,0.2503597122302158,0.8301886792452831,0.9215686274509803,0.8717948717948718,0.7966101694915254,0.7083333333333334,0.9166666666666666,0.8541666666666666,0.8333333333333334,0.8325358851674641,0.382608695652174,0.39004149377593356,0.3269230769230769,0.43317972350230416,0.425,0.376068376068376,0.3761467889908257,0.3636363636363636,0.38495575221238937,6.933443546295166,True
8,65,2000,0.0005,0.00041026581058271905,20,3782.5,315526.08491729165,0.22916666666666666,0.2315270935960591,0.18478260869565216,0.27647058823529413,0.2833333333333333,0.22,0.22282608695652173,0.21739130434782608,0.23246492985971945,0.8301886792452831,0.9215686274509803,0.8717948717948718,0.7966101694915254,0.7083333333333334,0.9166666666666666,0.8541666666666666,0.8333333333333334,0.8325358851674641,0.35918367346938773,0.3700787401574803,0.30493273542600896,0.4104803493449782,0.40476190476190477,0.3548387096774193,0.3534482758620689,0.3448275862068966,0.3634464751958225,6.959663152694702,True
8,65,2000,0.0005,0.0003739937302478794,20,3972.5,316469.04941783904,0.21634615384615385,0.22169811320754718,0.17258883248730963,0.2648648648648649,0.27319587628865977,0.20952380952380953,0.21212121212121213,0.20603015075376885,0.2214597629444791,0.8490566037735849,0.9215686274509803,0.8717948717948718,0.8305084745762712,0.7361111111111112,0.9166666666666666,0.875,0.8541666666666666,0.8492822966507177,0.3448275862068966,0.3574144486692015,0.28813559322033894,0.40163934426229514,0.3984962406015038,0.34108527131782945,0.3414634146341463,0.3319838056680162,0.351311232063335,6.9575207233428955,True
8,65,2000,0.0005,0.0003409285069746815,20,4203.5,318384.921857586,0.20535714285714285,0.20704845814977973,0.15813953488372093,0.25757575757575757,0.26570048309178745,0.20179372197309417,0.20187793427230047,0.19907407407407407,0.21125943122460825,0.8679245283018868,0.9215686274509803,0.8717948717948718,0.864406779661017,0.7638888888888888,0.9375,0.8958333333333334,0.8958333333333334,0.8708133971291866,0.332129963898917,0.3381294964028777,0.2677165354330709,0.39688715953307385,0.39426523297491034,0.3321033210332104,0.3295019157088123,0.32575757575757575,0.34002802428771606,6.992481470108032,True
8,65,2000,0.0005,0.0003107866187782014,20,4383.5,319790.8697694129,0.19491525423728814,0.20425531914893616,0.14782608695652175,0.24757281553398058,0.2558139534883721,0.19658119658119658,0.19369369369369369,0.18859649122807018,0.2026578073089701,0.8679245283018868,0.9411764705882353,0.8717948717948718,0.864406779661017,0.7638888888888888,0.9583333333333334,0.8958333333333334,0.8958333333333334,0.8755980861244019,0.3183391003460208,0.3356643356643356,0.2527881040892193,0.38490566037735846,0.3832752613240418,0.326241134751773,0.31851851851851853,0.3115942028985507,0.32913669064748197,6.984283447265625,True
8,65,2000,0.0005,0.0002833096101839324,20,4626.5,321903.5568579235,0.18253968253968253,0.192,0.13654618473895583,0.23318385650224216,0.23931623931623933,0.18548387096774194,0.18067226890756302,0.1762295081967213,0.18988648090815274,0.8679245283018868,0.9411764705882353,0.8717948717948718,0.8813559322033898,0.7777777777777778,0.9583333333333334,0.8958333333333334,0.8958333333333334,0.8803827751196173,0.30163934426229505,0.318936877076412,0.23611111111111113,0.36879432624113473,0.36601307189542487,0.31081081081081086,0.30069930069930073,0.2945205479452055,0.31239388794567063,6.980007648468018,True
8,65,2000,0.0005,0.0002582618760682675,20,4824.5,324232.10966230766,0.16911764705882354,0.183206106870229,0.12781954887218044,0.21940928270042195,0.22672064777327935,0.17692307692307693,0.16929133858267717,0.16923076923076924,0.1793002915451895,0.8679245283018868,0.9411764705882353,0.8717948717948718,0.8813559322033898,0.7777777777777778,0.9583333333333334,0.8958333333333334,0.9166666666666666,0.8827751196172249,0.28307692307692306,0.3067092651757188,0.22295081967213112,0.35135135135135137,0.3510971786833856,0.29870129870129875,0.2847682119205298,0.28571428571428575,0.2980613893376413,6.9773406982421875,True
8,65,2000,0.0005,0.00023542864143224153,20,5060.5,325929.8285798569,0.15862068965517243,0.17328519855595667,0.11888111888111888,0.20463320463320464,0.21189591078066913,0.1678832116788321,0.15808823529411764,0.16117216117216118,0.16863636363636364,0.8679245283018868,0.9411764705882353,0.8717948717948718,0.8983050847457628,0.7916666666666666,0.9583333333333334,0.8958333333333334,0.9166666666666666,0.8875598086124402,0.26822157434402333,0.2926829268292683,0.20923076923076925,0.3333333333333333,0.3343108504398826,0.2857142857142857,0.26875,0.2741433021806854,0.28342245989304815,7.010667324066162,True
8,65,2000,0.0005,0.00021461411978584058,20,5267.5,327069.7799278279,0.1503267973856209,0.16382252559726962,0.11447811447811448,0.19557195571955718,0.20921985815602837,0.15593220338983052,0.15302491103202848,0.1522491349480969,0.16119273984442523,0.8679245283018868,0.9411764705882353,0.8717948717948718,0.8983050847457628,0.8194444444444444,0.9583333333333334,0.8958333333333334,0.9166666666666666,0.8923444976076556,0.2562674094707521,0.27906976744186046,0.20238095238095238,0.3212121212121212,0.33333333333333337,0.26822157434402333,0.26139817629179335,0.2611275964391691,0.27306002928257683,7.022924184799194,True
8,65,2000,0.0005,0.0001956398343517065,20,5524.5,328985.75354737195,0.14241486068111456,0.15789473684210525,0.10793650793650794,0.18213058419243985,0.19932432432432431,0.14935064935064934,0.14814814814814814,0.14332247557003258,0.1532158951249488,0.8679245283018868,0.9411764705882353,0.8717948717948718,0.8983050847457628,0.8194444444444444,0.9583333333333334,0.9166666666666666,0.9166666666666666,0.8947368421052632,0.24468085106382978,0.2704225352112676,0.192090395480226,0.3028571428571428,0.32065217391304346,0.2584269662921348,0.25507246376811593,0.247887323943662,0.26162994053864985,7.04766845703125,True
8,65,2000,0.0005,0.00017834308769319092,20,5767.5,331316.06037745444,0.1348973607038123,0.15123456790123457,0.10303030303030303,0.16987179487179488,0.1873015873015873,0.14241486068111456,0.13968253968253969,0.13622291021671826,0.14518002322880372,0.8679245283018868,0.9607843137254902,0.8717948717948718,0.8983050847457628,0.8194444444444444,0.9583333333333334,0.9166666666666666,0.9166666666666666,0.8971291866028708,0.23350253807106597,0.2613333333333333,0.1842818428184282,0.2857142857142857,0.3049095607235142,0.24797843665768193,0.2424242424242424,0.2371967654986523,0.24991669443518827,7.033231496810913,True
8,65,2000,0.0005,0.00016257556664437935,20,5962.5,333451.1079542662,0.1327683615819209,0.14327485380116958,0.09770114942528736,0.16408668730650156,0.1782477341389728,0.13372093023255813,0.13253012048192772,0.1286549707602339,0.13843888070692195,0.8867924528301887,0.9607843137254902,0.8717948717948718,0.8983050847457628,0.8194444444444444,0.9583333333333334,0.9166666666666666,0.9166666666666666,0.8995215311004785,0.23095823095823095,0.24936386768447835,0.17571059431524547,0.27748691099476447,0.29280397022332505,0.23469387755102042,0.23157894736842105,0.22564102564102564,0.2399489470325463,7.04725456237793,True
8,65,2000,0.0005,0.00014820207057988571,20,6168.5,334421.4605676535,0.12806539509536785,0.13687150837988826,0.09917355371900827,0.1572700296735905,0.17251461988304093,0.12813370473537605,0.13043478260869565,0.12429378531073447,0.13415929203539823,0.8867924528301887,0.9607843137254902,0.9230769230769231,0.8983050847457628,0.8194444444444444,0.9583333333333334,0.9375,0.9166666666666666,0.9066985645933014,0.22380952380952382,0.2396088019559902,0.17910447761194032,0.2676767676767677,0.2850241545893719,0.22604422604422608,0.22900763358778628,0.2189054726368159,0.2337341967314215,7.056677579879761,True
8,65,2000,0.0005,0.00013509935211980279,20,6366.5,335196.1515627655,0.12239583333333333,0.1320754716981132,0.09498680738786279,0.1529745042492918,0.16619718309859155,0.12332439678284182,0.12637362637362637,0.11924119241192412,0.12924016282225237,0.8867924528301887,0.9607843137254902,0.9230769230769231,0.9152542372881356,0.8194444444444444,0.9583333333333334,0.9583333333333334,0.9166666666666666,0.9114832535885168,0.2151029748283753,0.23222748815165878,0.1722488038277512,0.2621359223300971,0.2763466042154567,0.21852731591448932,0.2233009708737864,0.211031175059952,0.2263814616755793,7.102266550064087,True
8,65,2000,0.0005,0.00012315506032928262,20,6513.5,336871.9774565546,0.11838790931989925,0.12694300518134716,0.0916030534351145,0.14917127071823205,0.16216216216216217,0.11917098445595854,0.1220159151193634,0.11688311688311688,0.12532722513089006,0.8867924528301887,0.9607843137254902,0.9230769230769231,0.9152542372881356,0.8333333333333334,0.9583333333333334,0.9583333333333334,0.9375,0.916267942583732,0.2088888888888889,0.22425629290617846,0.16666666666666669,0.25653206650831356,0.27149321266968324,0.21198156682027647,0.2164705882352941,0.20785219399538107,0.22049510650546922,7.141586542129517,True
8,65,2000,0.0005,0.00011226677735108136,20,6738.5,338402.3723389498,0.11510791366906475,0.12098765432098765,0.08716707021791767,0.14136125654450263,0.15228426395939088,0.11302211302211303,0.11528822055137844,0.11166253101736973,0.11925465838509317,0.9056603773584906,0.9607843137254902,0.9230769230769231,0.9152542372881356,0.8333333333333334,0.9583333333333334,0.9583333333333334,0.9375,0.9186602870813397,0.2042553191489362,0.2149122807017544,0.1592920353982301,0.2448979591836735,0.25751072961373395,0.2021978021978022,0.20581655480984337,0.19955654101995562,0.21110500274876304,7.153335094451904,True
8,65,2000,0.0005,0.00010234114021054527,20,6911.5,339786.8924726653,0.11162790697674418,0.11556603773584906,0.08372093023255814,0.13533834586466165,0.1466992665036675,0.10722610722610723,0.11004784688995216,0.10817307692307693,0.11445603576751118,0.9056603773584906,0.9607843137254902,0.9230769230769231,0.9152542372881356,0.8333333333333334,0.9583333333333334,0.9583333333333334,0.9375,0.9186602870813397,0.1987577639751553,0.2063157894736842,0.1535181236673774,0.23580786026200876,0.2494802494802495,0.1928721174004193,0.1974248927038627,0.19396551724137934,0.203551550490326,7.15841269493103,True
8,65,2000,0.0005,9.329304026284677e-05,20,7094.5,341025.44641130493,0.10884353741496598,0.11337868480725624,0.08144796380090498,0.12949640287769784,0.1405152224824356,0.1038374717832957,0.1050228310502283,0.10392609699769054,0.11056863871338311,0.9056603773584906,0.9803921568627451,0.9230769230769231,0.9152542372881356,0.8333333333333334,0.9583333333333334,0.9583333333333334,0.9375,0.9210526315789473,0.19433198380566802,0.2032520325203252,0.1496881496881497,0.22689075630252098,0.24048096192384766,0.1873727087576375,0.18930041152263374,0.18711018711018712,0.19743589743589743,7.17525839805603,True
8,65,2000,0.0005,8.504489341802669e-05,20,7342.5,343380.52765310946,0.10560344827586207,0.10706638115631692,0.07809110629067245,0.12272727272727273,0.13968957871396895,0.09725158562367865,0.10043668122270742,0.09911894273127753,0.10605234460196292,0.9245283018867925,0.9803921568627451,0.9230769230769231,0.9152542372881356,0.875,0.9583333333333334,0.9583333333333334,0.9375,0.930622009569378,0.18955512572533847,0.19305019305019305,0.14400000000000002,0.21643286573146292,0.24091778202676864,0.1765834932821497,0.18181818181818182,0.1792828685258964,0.1904062652961331,7.196575403213501,True
8,65,2000,0.0005,7.752597488629464e-05,20,7521.5,344667.7270168093,0.10208333333333333,0.1037344398340249,0.07692307692307693,0.11868131868131868,0.13704496788008566,0.0942622950819672,0.09725158562367865,0.09574468085106383,0.10309278350515463,0.9245283018867925,0.9803921568627451,0.9230769230769231,0.9152542372881356,0.8888888888888888,0.9583333333333334,0.9583333333333334,0.9375,0.9330143540669856,0.18386491557223264,0.1876172607879925,0.14201183431952663,0.2101167315175097,0.23747680890538037,0.1716417910447761,0.1765834932821497,0.17374517374517376,0.18567007855272552,7.193133592605591,True
8,65,2000,0.0005,7.067181273927492e-05,20,7710.5,345469.1589104807,0.10082304526748971,0.10101010101010101,0.07392197125256673,0.11513859275053305,0.13278008298755187,0.09145129224652088,0.0944558521560575,0.09297520661157024,0.10017980991523247,0.9245283018867925,0.9803921568627451,0.9230769230769231,0.9152542372881356,0.8888888888888888,0.9583333333333334,0.9583333333333334,0.9375,0.9330143540669856,0.18181818181818182,0.1831501831501831,0.13688212927756654,0.20454545454545456,0.23104693140794225,0.16696914700544466,0.1719626168224299,0.16917293233082703,0.18093249826026442,7.231270790100098,True
8,65,2000,0.0005,6.44236350872137e-05,20,7919.5,347703.8863750024,0.09645669291338582,0.09784735812133072,0.07045009784735812,0.11020408163265306,0.1282565130260521,0.0888030888030888,0.09019607843137255,0.08840864440078586,0.09615384615384616,0.9245283018867925,0.9803921568627451,0.9230769230769231,0.9152542372881356,0.8888888888888888,0.9583333333333334,0.9583333333333334,0.9375,0.9330143540669856,0.17468805704099818,0.17793594306049823,0.13090909090909092,0.19672131147540986,0.22416812609457093,0.16254416961130744,0.16487455197132617,0.1615798922800718,0.17434063477872153,7.220772743225098,True
8,65,2000,0.0005,5.872786613189477e-05,20,8059.5,348772.58146187075,0.09541984732824428,0.09596928982725528,0.06994328922495274,0.10821643286573146,0.12720156555772993,0.08778625954198473,0.08778625954198473,0.0888030888030888,0.09493975903614457,0.9433962264150944,0.9803921568627451,0.9487179487179487,0.9152542372881356,0.9027777777777778,0.9583333333333334,0.9583333333333334,0.9583333333333334,0.9425837320574163,0.1733102253032929,0.17482517482517482,0.13028169014084506,0.19354838709677416,0.22298456260720412,0.1608391608391608,0.1608391608391608,0.16254416961130744,0.17250437828371276,7.231053352355957,True
8,65,2000,0.0005,5.353566677410719e-05,20,8225.5,350448.52974737424,0.09461966604823747,0.09276437847866419,0.06727272727272728,0.10465116279069768,0.12264150943396226,0.08487084870848709,0.08518518518518518,0.08646616541353383,0.09211753731343283,0.9622641509433962,0.9803921568627451,0.9487179487179487,0.9152542372881356,0.9027777777777778,0.9583333333333334,0.9583333333333334,0.9583333333333334,0.9449760765550239,0.1722972972972973,0.1694915254237288,0.12563667232597622,0.18782608695652175,0.21594684385382062,0.15593220338983052,0.1564625850340136,0.1586206896551724,0.16787080322991924,7.2498619556427,True
8,65,2000,0.0005,4.8802515836544335e-05,20,8405.5,351979.337107728,0.09239130434782608,0.0925589836660617,0.06618962432915922,0.10150375939849623,0.11926605504587157,0.08185053380782918,0.08483754512635379,0.08394160583941605,0.09016579604814899,0.9622641509433962,1.0,0.9487179487179487,0.9152542372881356,0.9027777777777778,0.9583333333333334,0.9791666666666666,0.9583333333333334,0.9497607655502392,0.16859504132231404,0.16943521594684385,0.12374581939799331,0.18274111675126903,0.2106969205834684,0.15081967213114753,0.15614617940199335,0.15436241610738252,0.16469612113669366,7.27361536026001,True
8,65,2000,0.0005,4.4487828311275854e-05,20,8507.5,352854.0583056929,0.09090909090909091,0.0918918918918919,0.06525573192239859,0.1,0.11796733212341198,0.08112874779541446,0.08333333333333333,0.08258527827648116,0.08897355445988346,0.9622641509433962,1.0,0.9487179487179487,0.9152542372881356,0.9027777777777778,0.9583333333333334,0.9791666666666666,0.9583333333333334,0.9497607655502392,0.16612377850162868,0.16831683168316833,0.12211221122112212,0.18030050083472451,0.20866773675762443,0.14959349593495935,0.15359477124183005,0.15206611570247935,0.1627049180327869,7.282589673995972,True
8,65,2000,0.0005,4.0554607358408275e-05,20,8688.5,353922.88881457096,0.08823529411764706,0.08916083916083917,0.06551724137931035,0.09660107334525939,0.11443661971830986,0.07890222984562607,0.07993197278911565,0.08041958041958042,0.08652173913043479,0.9622641509433962,1.0,0.9743589743589743,0.9152542372881356,0.9027777777777778,0.9583333333333334,0.9791666666666666,0.9583333333333334,0.9521531100478469,0.16164817749603808,0.1637239165329053,0.12277867528271408,0.17475728155339806,0.203125,0.14580031695721077,0.14779874213836477,0.14838709677419354,0.1586289358310084,7.31476616859436,True
8,65,2000,0.0005,3.696912707195024e-05,20,8860.5,355089.23071079614,0.08681135225375626,0.08793103448275862,0.0632279534109817,0.09457092819614711,0.11187607573149742,0.07809847198641766,0.07820299500831947,0.07863247863247863,0.08476736775015933,0.9811320754716981,1.0,0.9743589743589743,0.9152542372881356,0.9027777777777778,0.9583333333333334,0.9791666666666666,0.9583333333333334,0.9545454545454546,0.1595092024539877,0.16164817749603802,0.11875,0.17142857142857143,0.1990811638591118,0.14442700156985872,0.1448382126348228,0.14533965244865718,0.15570731707317073,7.297561168670654,True
8,65,2000,0.0005,3.370064329271925e-05,20,9009.5,355866.5601683385,0.08538587848932677,0.08514190317195326,0.06168831168831169,0.09246575342465753,0.1092436974789916,0.076158940397351,0.0766721044045677,0.07628524046434494,0.08272859216255443,0.9811320754716981,1.0,0.9743589743589743,0.9152542372881356,0.9027777777777778,0.9583333333333334,0.9791666666666666,0.9583333333333334,0.9545454545454546,0.15709969788519637,0.15692307692307692,0.11603053435114503,0.16796267496111972,0.19490254872563717,0.1411042944785276,0.1422087745839637,0.141321044546851,0.1522610188895249,7.349342107772827,True
8,65,2000,0.0005,3.072112998861759e-05,20,9182.5,357324.406040308,0.08373590982286634,0.08292682926829269,0.0608,0.09015025041736227,0.10726072607260725,0.07467532467532467,0.07568438003220612,0.07467532467532467,0.08111404757064444,0.9811320754716981,1.0,0.9743589743589743,0.9152542372881356,0.9027777777777778,0.9583333333333334,0.9791666666666666,0.9583333333333334,0.9545454545454546,0.1543026706231454,0.15315315315315314,0.1144578313253012,0.1641337386018237,0.19174041297935104,0.13855421686746988,0.14050822122571002,0.13855421686746988,0.149522203485104,7.377758979797363,True
8,65,2000,0.0005,2.800503894183631e-05,20,9333.5,358126.2444349441,0.08240887480190175,0.08186195826645265,0.06003159557661927,0.08896210873146623,0.10569105691056911,0.0736,0.07448494453248812,0.07431340872374798,0.0800561797752809,0.9811320754716981,1.0,0.9743589743589743,0.9152542372881356,0.9027777777777778,0.9583333333333334,0.9791666666666666,0.9583333333333334,0.9545454545454546,0.15204678362573099,0.1513353115727003,0.1130952380952381,0.16216216216216217,0.18922852983988356,0.13670133729569095,0.13843888070692195,0.13793103448275862,0.14772306553128473,7.356905698776245,True
8,65,2000,0.0005,2.5529080682395165e-05,20,9465.5,359146.81319460063,0.08163265306122448,0.08056872037914692,0.05909797822706065,0.08780487804878048,0.1045016077170418,0.07244094488188976,0.07332293291731669,0.07371794871794872,0.07900990099009901,0.9811320754716981,1.0,0.9743589743589743,0.9152542372881356,0.9027777777777778,0.9583333333333334,0.9791666666666666,0.9583333333333334,0.9545454545454546,0.1507246376811594,0.14912280701754385,0.11143695014662755,0.1602373887240356,0.18731988472622477,0.13469985358711567,0.1364296081277213,0.1369047619047619,0.1459400146305779,7.381685495376587,True
8,65,2000,0.0005,2.3272024789604072e-05,20,9581.5,359948.8421089076,0.08153846153846153,0.07931570762052877,0.05855161787365177,0.08653846153846154,0.10268562401263823,0.07131782945736434,0.0724191063174114,0.07278481012658228,0.07804878048780488,1.0,1.0,0.9743589743589743,0.9152542372881356,0.9027777777777778,0.9583333333333334,0.9791666666666666,0.9583333333333334,0.9569377990430622,0.1507823613086771,0.14697406340057634,0.11046511627906977,0.1581259150805271,0.18439716312056736,0.13275613275613277,0.13486370157819225,0.13529411764705881,0.14432617716038246,7.38084077835083,True
8,65,2000,0.0005,2.121451784910628e-05,20,9690.5,360750.7089338213,0.0806697108066971,0.07882534775888717,0.057663125948406675,0.08503937007874016,0.10232558139534884,0.07022900763358779,0.07164634146341463,0.07153965785381027,0.07715989994227439,1.0,1.0,0.9743589743589743,0.9152542372881356,0.9166666666666666,0.9583333333333334,0.9791666666666666,0.9583333333333334,0.9593301435406698,0.14929577464788732,0.1461318051575931,0.10888252148997134,0.15561959654178675,0.18410041841004182,0.13086770981507825,0.13352272727272727,0.13314037626628075,0.14283170080142474,7.392124891281128,True
8,65,2000,0.0005,1.933891750455232e-05,20,9817.5,360993.6834309371,0.07981927710843373,0.07750759878419453,0.0572289156626506,0.08540372670807453,0.10276073619631902,0.0693815987933635,0.07099697885196375,0.07197549770290965,0.07680608365019011,1.0,1.0,0.9743589743589743,0.9322033898305084,0.9305555555555556,0.9583333333333334,0.9791666666666666,0.9791666666666666,0.9665071770334929,0.14783821478382148,0.14386459802538787,0.10810810810810811,0.15647226173541962,0.1850828729281768,0.12939521800281292,0.13239436619718312,0.13409415121255353,0.14230362803804156,7.429990291595459,True
8,65,2000,0.0005,1.762914118095948e-05,20,9961.5,361965.57019649434,0.07840236686390532,0.07578008915304606,0.05654761904761905,0.0834597875569044,0.10105580693815988,0.06784660766961652,0.06932153392330384,0.07110438729198185,0.07537313432835821,1.0,1.0,0.9743589743589743,0.9322033898305084,0.9305555555555556,0.9583333333333334,0.9791666666666666,0.9791666666666666,0.9665071770334929,0.14540466392318244,0.1408839779005525,0.10689170182841069,0.15320334261838445,0.182312925170068,0.12672176308539942,0.12947658402203857,0.13258110014104374,0.13984077535479406,7.4383385181427,True
8,65,2000,0.0005,1.6070528182616385e-05,20,10057.5,362742.9489669632,0.07748538011695906,0.07533234859675036,0.055800293685756244,0.08258258258258258,0.10029940119760479,0.06764705882352941,0.06881405563689605,0.07035928143712575,0.0747179582023303,1.0,1.0,0.9743589743589743,0.9322033898305084,0.9305555555555556,0.9583333333333334,0.9791666666666666,0.9791666666666666,0.9665071770334929,0.14382632293080053,0.1401098901098901,0.10555555555555556,0.15172413793103448,0.18108108108108106,0.12637362637362634,0.12859097127222982,0.1312849162011173,0.1387124463519313,7.491366147994995,True
8,65,2000,0.0005,1.464971398307285e-05,20,10175.5,363253.242223235,0.07658959537572255,0.07369942196531792,0.05547445255474453,0.08160237388724036,0.09911242603550297,0.06647398843930635,0.06871345029239766,0.06942392909896603,0.07383040935672515,1.0,1.0,0.9743589743589743,0.9322033898305084,0.9305555555555556,0.9583333333333334,0.9791666666666666,0.9791666666666666,0.9665071770334929,0.1422818791946309,0.13728129205921938,0.10497237569060774,0.1500682128240109,0.179144385026738,0.12432432432432432,0.1284153005464481,0.1296551724137931,0.13718166383701189,7.468694686889648,True
8,65,2000,0.0005,1.3354515629298974e-05,20,10305.5,364395.2781077882,0.07386363636363637,0.07275320970042796,0.054519368723098996,0.08151382823871907,0.09781021897810219,0.06580829756795423,0.06791907514450866,0.06881405563689605,0.07281903388608507,0.9811320754716981,1.0,0.9743589743589743,0.9491525423728814,0.9305555555555556,0.9583333333333334,0.9791666666666666,0.9791666666666666,0.9665071770334929,0.13738441215323643,0.13563829787234044,0.10326086956521739,0.15013404825737267,0.1770145310435931,0.12315930388219545,0.12702702702702703,0.12859097127222982,0.13543412671806904,7.457195043563843,True
8,65,2000,0.0005,1.217382727739662e-05,20,10422.5,364905.55549772136,0.07282913165266107,0.07162921348314606,0.05397727272727273,0.08201438848920864,0.09826589595375723,0.06524822695035461,0.06695156695156695,0.06801736613603473,0.07230632235084594,0.9811320754716981,1.0,0.9743589743589743,0.9661016949152542,0.9444444444444444,0.9583333333333334,0.9791666666666666,0.9791666666666666,0.9712918660287081,0.13559322033898308,0.13368283093053734,0.10228802153432032,0.15119363395225463,0.1780104712041885,0.12217795484727755,0.12533333333333335,0.12719891745602166,0.13459307144041108,7.482728719711304,True
8,65,2000,0.0005,1.1097524964120721e-05,20,10485.5,365148.5465287628,0.07232267037552156,0.07103064066852367,0.053824362606232294,0.08131241084165478,0.09728183118741059,0.06591865357643759,0.06676136363636363,0.0673352435530086,0.07193354542241075,0.9811320754716981,1.0,0.9743589743589743,0.9661016949152542,0.9444444444444444,0.9791666666666666,0.9791666666666666,0.9791666666666666,0.9736842105263158,0.13471502590673576,0.13263979193758127,0.10201342281879194,0.15,0.17639429312581065,0.12352168199737187,0.125,0.1260053619302949,0.13396971691902568,7.516533136367798,True
8,65,2000,0.0005,1.0116379797662071e-05,20,10623.5,365780.25810102694,0.07162534435261708,0.07073509015256588,0.05299860529986053,0.07994389901823282,0.09550561797752809,0.06545961002785515,0.06591865357643759,0.06789250353606789,0.07124148768989,0.9811320754716981,1.0,0.9743589743589743,0.9661016949152542,0.9444444444444444,0.9791666666666666,0.9791666666666666,1.0,0.9760765550239234,0.13350449293966624,0.13212435233160622,0.10052910052910054,0.14766839378238342,0.17346938775510207,0.12271540469973889,0.12352168199737187,0.1271523178807947,0.13279088689991866,7.517941474914551,True
8,65,2000,0.0005,9.221978823334321e-06,20,10733.5,366047.53895748773,0.07123287671232877,0.07005494505494506,0.05255878284923928,0.07894736842105263,0.09444444444444444,0.06500691562932227,0.06564245810055866,0.0670391061452514,0.07061266874350987,0.9811320754716981,1.0,0.9743589743589743,0.9661016949152542,0.9444444444444444,0.9791666666666666,0.9791666666666666,1.0,0.9760765550239234,0.13282247765006386,0.13093709884467267,0.09973753280839896,0.14596670934699105,0.17171717171717174,0.12191958495460439,0.12303664921465968,0.1256544502617801,0.131697869593286,7.504910469055176,True
8,65,2000,0.0005,8.406652885618316e-06,20,10802.5,366533.5075218618,0.07084468664850137,0.06986301369863014,0.0521978021978022,0.07840440165061899,0.09392265193370165,0.0644718792866941,0.06509695290858726,0.0664819944598338,0.07015130674002751,0.9811320754716981,1.0,0.9743589743589743,0.9661016949152542,0.9444444444444444,0.9791666666666666,0.9791666666666666,1.0,0.9760765550239234,0.1321473951715375,0.13060179257362356,0.09908735332464148,0.14503816793893132,0.1708542713567839,0.12097812097812095,0.12207792207792206,0.12467532467532468,0.13089509143407121,7.573092937469482,True
8,65,2000,0.0005,7.663410868007463e-06,20,10882.5,366703.6396011418,0.06998654104979811,0.06957708049113233,0.05191256830601093,0.07808219178082192,0.09315068493150686,0.06429548563611491,0.06456043956043957,0.06611570247933884,0.06970784213223988,0.9811320754716981,1.0,0.9743589743589743,0.9661016949152542,0.9444444444444444,0.9791666666666666,0.9791666666666666,1.0,0.9760765550239234,0.13065326633165827,0.1301020408163265,0.09857328145265888,0.14448669201520914,0.16957605985037405,0.12066752246469832,0.12113402061855669,0.12403100775193798,0.130122787434221,7.591134786605835,True
8,65,2000,0.0005,6.985879746785249e-06,20,10957.5,367238.1897184435,0.06951871657754011,0.06891891891891892,0.051490514905149054,0.07859078590785908,0.0918918918918919,0.06486486486486487,0.06394557823129252,0.0653950953678474,0.06933874513783189,0.9811320754716981,1.0,0.9743589743589743,0.9830508474576272,0.9444444444444444,1.0,0.9791666666666666,1.0,0.9808612440191388,0.12983770287141072,0.12895069532237674,0.0978120978120978,0.14554579673776663,0.16748768472906406,0.1218274111675127,0.12005108556832694,0.12276214833759588,0.12952140262201864,7.576275110244751,True
8,65,2000,0.0005,6.3682499447185865e-06,20,11027.5,367481.20764336624,0.06933333333333333,0.06873315363881402,0.05114401076716016,0.07827260458839407,0.09152086137281291,0.06442953020134229,0.06385869565217392,0.06495263870094722,0.06903519110961441,0.9811320754716981,1.0,0.9743589743589743,0.9830508474576272,0.9444444444444444,1.0,0.9791666666666666,1.0,0.9808612440191388,0.12951432129514323,0.12862547288776796,0.09718670076726342,0.14500000000000002,0.1668711656441718,0.12105926860025222,0.11989795918367346,0.12198221092757307,0.128991662733994,7.584695816040039,True
8,65,2000,0.0005,5.805225516094895e-06,20,11066.5,367918.54270043015,0.0692410119840213,0.06845637583892618,0.051075268817204304,0.07754010695187166,0.09187749667110519,0.06391478029294274,0.06368563685636856,0.064343163538874,0.06879812520924004,0.9811320754716981,1.0,0.9743589743589743,0.9830508474576272,0.9583333333333334,1.0,0.9791666666666666,1.0,0.9832535885167464,0.12935323383084577,0.12814070351758794,0.09706257982120052,0.14374225526641884,0.16767922235722962,0.12015018773466833,0.11959287531806616,0.12090680100755667,0.1285982478097622,7.6403326988220215,True
8,65,2000,0.0005,5.291978735958436e-06,20,11150.5,368064.3325744069,0.06905710491367861,0.068,0.05186170212765957,0.07733333333333334,0.09187749667110519,0.06357615894039735,0.0646900269541779,0.06417112299465241,0.06882186302282953,0.9811320754716981,1.0,1.0,0.9830508474576272,0.9583333333333334,1.0,1.0,1.0,0.9880382775119617,0.12903225806451613,0.12734082397003746,0.0986093552465234,0.14338689740420274,0.16767922235722962,0.1195516811955168,0.12151898734177216,0.1206030150753769,0.128680479825518,7.645486116409302,True
8,65,2000,0.0005,4.824108704165373e-06,20,11203.5,368380.2120743102,0.06905710491367861,0.0678191489361702,0.05172413793103448,0.07671957671957672,0.09247027741083223,0.06324110671936758,0.0642570281124498,0.06374501992031872,0.06864533244901343,0.9811320754716981,1.0,1.0,0.9830508474576272,0.9722222222222222,1.0,1.0,1.0,0.9904306220095693,0.12903225806451613,0.12702366127023662,0.09836065573770492,0.14233128834355827,0.16887816646562123,0.11895910780669143,0.12075471698113208,0.1198501872659176,0.12839199875949758,7.646633863449097,True
8,65,2000,0.0005,4.397603609302721e-06,20,11257.5,368769.06441126735,0.06869220607661823,0.06763925729442971,0.05131578947368421,0.0764163372859025,0.09198423127463863,0.06282722513089005,0.06374501992031872,0.0633245382585752,0.06824925816023739,0.9811320754716981,1.0,1.0,0.9830508474576272,0.9722222222222222,1.0,1.0,1.0,0.9904306220095693,0.12839506172839507,0.1267080745341615,0.09762202753441802,0.14180929095354522,0.1680672268907563,0.11822660098522166,0.1198501872659176,0.11910669975186106,0.12769895126465144,7.675934791564941,True
8,65,2000,0.0005,4.0088063288984645e-06,20,11319.5,369060.68191754963,0.06788511749347259,0.06710526315789474,0.050980392156862744,0.07552083333333333,0.09138381201044386,0.0625,0.06315789473684211,0.06266318537859007,0.06765811407092662,0.9811320754716981,1.0,1.0,0.9830508474576272,0.9722222222222222,1.0,1.0,1.0,0.9904306220095693,0.126984126984127,0.12577065351418001,0.09701492537313432,0.14026602176541716,0.16706443914081145,0.11764705882352941,0.11881188118811882,0.11793611793611791,0.12666360715924735,7.660779237747192,True
8,65,2000,0.0005,3.6543830709572543e-06,20,11371.5,369133.5805850971,0.06762028608582575,0.06692913385826772,0.050913838120104436,0.07522697795071336,0.09114583333333333,0.0625,0.06282722513089005,0.06233766233766234,0.06744868035190615,0.9811320754716981,1.0,1.0,0.9830508474576272,0.9722222222222222,1.0,1.0,1.0,0.9904306220095693,0.12652068126520682,0.12546125461254612,0.0968944099378882,0.13975903614457832,0.16666666666666666,0.11764705882352941,0.11822660098522166,0.11735941320293398,0.12629652226967664,7.696367979049683,True
8,65,2000,0.0005,3.33129478793467e-06,20,11429.5,369376.60108918685,0.06718346253229975,0.06640625,0.050518134715025906,0.07493540051679587,0.0907911802853437,0.0622568093385214,0.06258148631029987,0.061696658097686374,0.06704453441295546,0.9811320754716981,1.0,1.0,0.9830508474576272,0.9722222222222222,1.0,1.0,1.0,0.9904306220095693,0.12575574365175332,0.12454212454212454,0.09617755856966707,0.13925570228091236,0.166073546856465,0.11721611721611722,0.1177914110429448,0.1162227602905569,0.12558774457758226,7.692206859588623,True
8,65,2000,0.0005,3.0367711180354605e-06,20,11483.5,369911.1673450984,0.06701030927835051,0.06614785992217899,0.05025773195876289,0.07426376440460948,0.09009009009009009,0.06177606177606178,0.0622568093385214,0.061068702290076333,0.0666130329847144,0.9811320754716981,1.0,1.0,0.9830508474576272,0.9722222222222222,1.0,1.0,1.0,0.9904306220095693,0.12545235223160434,0.12408759124087591,0.09570552147239264,0.1380952380952381,0.16489988221436983,0.11636363636363635,0.11721611721611722,0.11510791366906473,0.1248303934871099,7.699867010116577,True
8,65,2000,0.0005,2.768286630392067e-06,20,11539.5,369959.75445691927,0.06675224646983312,0.06555269922879177,0.05,0.07407407407407407,0.08974358974358974,0.06161745827984596,0.06201550387596899,0.060759493670886074,0.06631427198462278,0.9811320754716981,1.0,1.0,0.9830508474576272,0.9722222222222222,1.0,1.0,1.0,0.9904306220095693,0.125,0.12303980699638117,0.09523809523809523,0.13776722090261284,0.1643192488262911,0.11608222490931078,0.1167883211678832,0.11455847255369928,0.12430565981083921,7.726855039596558,True
8,65,2000,0.0005,2.523539170434766e-06,20,11582.5,370105.5167945102,0.0663265306122449,0.06521739130434782,0.049681528662420385,0.07341772151898734,0.08917197452229299,0.06130268199233716,0.061381074168797956,0.0605296343001261,0.06588160407383832,0.9811320754716981,1.0,1.0,0.9830508474576272,0.9722222222222222,1.0,1.0,1.0,0.9904306220095693,0.12425328554360814,0.12244897959183672,0.09466019417475728,0.13663133097762073,0.16336056009334887,0.11552346570397111,0.11566265060240964,0.11414982164090369,0.1235452103849597,7.73877739906311,True
8,65,2000,0.0005,2.300430119772917e-06,20,11635.5,370275.640234938,0.06615776081424936,0.06513409961685823,0.049429657794676805,0.07323232323232323,0.08894536213468869,0.060991105463786534,0.06130268199233716,0.06037735849056604,0.06569343065693431,0.9811320754716981,1.0,1.0,0.9830508474576272,0.9722222222222222,1.0,1.0,1.0,0.9904306220095693,0.1239570917759237,0.12230215827338127,0.09420289855072463,0.136310223266745,0.1629802095459837,0.11497005988023952,0.11552346570397111,0.11387900355871887,0.1232142857142857,7.761867046356201,True
8,65,2000,0.0005,2.097046401323231e-06,20,11662.5,370348.5348012613,0.06615776081424936,0.06505102040816327,0.0493046776232617,0.07313997477931904,0.08883248730964467,0.060759493670886074,0.061381074168797956,0.06015037593984962,0.0655893536121673,0.9811320754716981,1.0,1.0,0.9830508474576272,0.9722222222222222,1.0,1.0,1.0,0.9904306220095693,0.1239570917759237,0.12215568862275449,0.09397590361445783,0.136150234741784,0.1627906976744186,0.11455847255369928,0.11566265060240964,0.11347517730496454,0.12303120356612186,7.769144058227539,True
8,65,2000,0.0005,1.9116440753857036e-06,20,11704.5,370372.8269417518,0.06573957016434892,0.06496815286624204,0.04905660377358491,0.07277289836888332,0.08827238335435057,0.06060606060606061,0.061068702290076333,0.05977584059775841,0.065279091769158,0.9811320754716981,1.0,1.0,0.9830508474576272,0.9722222222222222,1.0,1.0,1.0,0.9904306220095693,0.12322274881516587,0.12200956937799043,0.09352517985611511,0.13551401869158877,0.161849710982659,0.1142857142857143,0.11510791366906473,0.1128084606345476,0.12248520710059174,7.818496942520142,True
8,65,2000,0.0005,1.7426333860096507e-06,20,11742.5,370470.01715146046,0.06557377049180328,0.0648854961832061,0.04893350062735257,0.07268170426065163,0.08816120906801007,0.060453400503778336,0.06091370558375635,0.05977584059775841,0.06516606327719188,0.9811320754716981,1.0,1.0,0.9830508474576272,0.9722222222222222,1.0,1.0,1.0,0.9904306220095693,0.12293144208037825,0.1218637992831541,0.09330143540669857,0.13535589264877482,0.16166281755196305,0.11401425178147269,0.11483253588516747,0.1128084606345476,0.1222862206468764,7.829902172088623,True
8,65,2000,0.0005,1.5885651294280527e-06,20,11761.5,370445.7242484735,0.06557377049180328,0.0648854961832061,0.04887218045112782,0.07268170426065163,0.08816120906801007,0.060453400503778336,0.06091370558375635,0.05962732919254658,0.06513530522341095,0.9811320754716981,1.0,1.0,0.9830508474576272,0.9722222222222222,1.0,1.0,1.0,0.9904306220095693,0.12293144208037825,0.1218637992831541,0.09318996415770608,0.13535589264877482,0.16166281755196305,0.11401425178147269,0.11483253588516747,0.11254396248534583,0.12223206377325066,7.834781646728516,True
8,65,2000,0.0005,1.448118227674533e-06,20,11789.5,370615.8230977864,0.06532663316582915,0.06463878326996197,0.04881101376720901,0.07240948813982521,0.08816120906801007,0.06037735849056604,0.060836501901140684,0.05962732919254658,0.06501256281407035,0.9811320754716981,1.0,1.0,0.9830508474576272,0.9722222222222222,1.0,1.0,1.0,0.9904306220095693,0.1224970553592462,0.12142857142857143,0.09307875894988066,0.13488372093023254,0.16166281755196305,0.11387900355871887,0.1146953405017921,0.11254396248534583,0.12201591511936341,7.859511852264404,True
8,65,2000,0.0005,1.3200884008314168e-06,20,11835.5,370761.591708136,0.06516290726817042,0.06431273644388398,0.04868913857677903,0.07231920199501247,0.0880503144654088,0.06015037593984962,0.0606826801517067,0.05955334987593052,0.06484962406015038,0.9811320754716981,1.0,1.0,0.9830508474576272,0.9722222222222222,1.0,1.0,1.0,0.9904306220095693,0.12220916568742654,0.12085308056872036,0.09285714285714287,0.13472706155632985,0.1614763552479815,0.11347517730496454,0.11442193087008344,0.11241217798594849,0.12172890326374596,7.881578683853149,True
8,65,2000,0.0005,1.203377840777588e-06,20,11858.5,370688.69821922947,0.06491885143570537,0.06423173803526448,0.048628428927680795,0.07231920199501247,0.08782936010037641,0.06,0.06060606060606061,0.05947955390334572,0.06473807662236122,0.9811320754716981,1.0,1.0,0.9830508474576272,0.9722222222222222,1.0,1.0,1.0,0.9904306220095693,0.12177985948477754,0.12071005917159765,0.09274673008323424,0.13472706155632985,0.16110471806674337,0.11320754716981131,0.1142857142857143,0.11228070175438597,0.1215323645970938,7.865238904953003,True
8,65,2000,0.0005,1.096985797892384e-06,20,11875.5,370761.59238187724,0.06483790523690773,0.06423173803526448,0.048567870485678705,0.07329192546583851,0.08771929824561403,0.0599250936329588,0.060453400503778336,0.0594059405940594,0.06479313036690086,0.9811320754716981,1.0,1.0,1.0,0.9722222222222222,1.0,1.0,1.0,0.992822966507177,0.1216374269005848,0.12071005917159765,0.09263657957244656,0.1365740740740741,0.16091954022988506,0.11307420494699648,0.11401425178147269,0.11214953271028036,0.12164736919243734,7.869975566864014,True
8,65,2000,0.0005,1e-06,20,11936.5,371028.8763747932,0.06575682382133995,0.06390977443609022,0.048207663782447466,0.0728395061728395,0.08717310087173101,0.05977584059775841,0.060225846925972396,0.059186189889025895,0.06462637874786391,1.0,1.0,1.0,1.0,0.9722222222222222,1.0,1.0,1.0,0.9952153110047847,0.12339930151338765,0.12014134275618375,0.09198113207547169,0.13578826237054084,0.16,0.1128084606345476,0.1136094674556213,0.11175785797438884,0.12137126185266228,7.904447078704834,True
