t,p,n,nu_0,mu,gamma,no_edges,bic value,Precision_1,Precision_2,Precision_3,precision_avg,Recall_1,Recall_2,Recall_3,recall_avg,F1_1,F1_2,F1_3,F1_avg,Time(sec),mask_diag
3,65,1000,0.0001,1e-08,1,6237.0,177848.79985327975,0.24895833333333334,0.27424400417101147,0.3,0.27440083362278567,1.0,0.9962121212121212,1.0,0.9987357774968394,0.3986655546288574,0.43008994276369583,0.4615384615384615,0.43051771117166204,2.5146963596343994,True
3,65,1000,0.0001,1.1226677735108136e-08,1,6237.0,177848.79985327975,0.24895833333333334,0.27424400417101147,0.3,0.27440083362278567,1.0,0.9962121212121212,1.0,0.9987357774968394,0.3986655546288574,0.43008994276369583,0.4615384615384615,0.43051771117166204,2.4046788215637207,True
3,65,1000,0.0001,1.2603829296797274e-08,1,6236.0,177825.19454698003,0.24895833333333334,0.2745302713987474,0.3,0.27449617790132036,1.0,0.9962121212121212,1.0,0.9987357774968394,0.3986655546288574,0.43044189852700493,0.4615384615384615,0.4306350504224584,2.4674324989318848,True
3,65,1000,0.0001,1.4149912974345759e-08,1,6236.0,177825.19454698003,0.24895833333333334,0.2745302713987474,0.3,0.27449617790132036,1.0,0.9962121212121212,1.0,0.9987357774968394,0.3986655546288574,0.43044189852700493,0.4615384615384615,0.4306350504224584,2.470425605773926,True
3,65,1000,0.0001,1.5885651294280526e-08,1,6236.0,177825.19454698003,0.24895833333333334,0.2745302713987474,0.3,0.27449617790132036,1.0,0.9962121212121212,1.0,0.9987357774968394,0.3986655546288574,0.43044189852700493,0.4615384615384615,0.4306350504224584,2.437582015991211,True
3,65,1000,0.0001,1.7834308769319092e-08,1,6236.0,177825.19454698003,0.24895833333333334,0.2745302713987474,0.3,0.27449617790132036,1.0,0.9962121212121212,1.0,0.9987357774968394,0.3986655546288574,0.43044189852700493,0.4615384615384615,0.4306350504224584,2.4006295204162598,True
3,65,1000,0.0001,2.0022003718155845e-08,1,6235.0,177825.1945471004,0.2492179353493222,0.2745302713987474,0.3,0.2745915884602016,1.0,0.9962121212121212,1.0,0.9987357774968394,0.3989983305509182,0.43044189852700493,0.4615384615384615,0.430752453653217,2.4452738761901855,True
3,65,1000,0.0001,2.2478058335487254e-08,1,6235.0,177825.1945471004,0.2492179353493222,0.2745302713987474,0.3,0.2745915884602016,1.0,0.9962121212121212,1.0,0.9987357774968394,0.3989983305509182,0.43044189852700493,0.4615384615384615,0.430752453653217,2.448671340942383,True
3,65,1000,0.0001,2.523539170434766e-08,1,6235.0,177825.1945471004,0.2492179353493222,0.2745302713987474,0.3,0.2745915884602016,1.0,0.9962121212121212,1.0,0.9987357774968394,0.3989983305509182,0.43044189852700493,0.4615384615384615,0.430752453653217,2.4525320529937744,True
3,65,1000,0.0001,2.8330961018393243e-08,1,6235.0,177825.1945471004,0.2492179353493222,0.2745302713987474,0.3,0.2745915884602016,1.0,0.9962121212121212,1.0,0.9987357774968394,0.3989983305509182,0.43044189852700493,0.4615384615384615,0.430752453653217,2.4642386436462402,True
3,65,1000,0.0001,3.180625692794119e-08,1,6235.0,177825.1945471004,0.2492179353493222,0.2745302713987474,0.3,0.2745915884602016,1.0,0.9962121212121212,1.0,0.9987357774968394,0.3989983305509182,0.43044189852700493,0.4615384615384615,0.430752453653217,2.477693557739258,True
3,65,1000,0.0001,3.570785964900463e-08,1,6235.0,177825.1945471004,0.2492179353493222,0.2745302713987474,0.3,0.2745915884602016,1.0,0.9962121212121212,1.0,0.9987357774968394,0.3989983305509182,0.43044189852700493,0.4615384615384615,0.430752453653217,2.4527411460876465,True
3,65,1000,0.0001,4.0088063288984644e-08,1,6235.0,177825.1945471004,0.2492179353493222,0.2745302713987474,0.3,0.2745915884602016,1.0,0.9962121212121212,1.0,0.9987357774968394,0.3989983305509182,0.43044189852700493,0.4615384615384615,0.430752453653217,2.471017837524414,True
3,65,1000,0.0001,4.5005576757004975e-08,1,6235.0,177825.1945471004,0.2492179353493222,0.2745302713987474,0.3,0.2745915884602016,1.0,0.9962121212121212,1.0,0.9987357774968394,0.3989983305509182,0.43044189852700493,0.4615384615384615,0.430752453653217,2.4536025524139404,True
3,65,1000,0.0001,5.05263106533568e-08,1,6235.0,177825.1945471004,0.2492179353493222,0.2745302713987474,0.3,0.2745915884602016,1.0,0.9962121212121212,1.0,0.9987357774968394,0.3989983305509182,0.43044189852700493,0.4615384615384615,0.430752453653217,2.454955816268921,True
3,65,1000,0.0001,5.672426068491978e-08,1,6235.0,177825.1945471004,0.2492179353493222,0.2745302713987474,0.3,0.2745915884602016,1.0,0.9962121212121212,1.0,0.9987357774968394,0.3989983305509182,0.43044189852700493,0.4615384615384615,0.430752453653217,2.4538397789001465,True
3,65,1000,0.0001,6.368249944718587e-08,1,6234.0,177825.19454671815,0.2492179353493222,0.2745302713987474,0.30031282586027114,0.27468706536856746,1.0,0.9962121212121212,1.0,0.9987357774968394,0.3989983305509182,0.43044189852700493,0.4619085805934242,0.43086992091628035,2.451822519302368,True
3,65,1000,0.0001,7.149428986597577e-08,1,6234.0,177825.19454671815,0.2492179353493222,0.2745302713987474,0.30031282586027114,0.27468706536856746,1.0,0.9962121212121212,1.0,0.9987357774968394,0.3989983305509182,0.43044189852700493,0.4619085805934242,0.43086992091628035,2.411738634109497,True
3,65,1000,0.0001,8.026433522257174e-08,1,6233.0,177825.19454725014,0.2492179353493222,0.27481713688610243,0.30031282586027114,0.2747826086956522,1.0,0.9962121212121212,1.0,0.9987357774968394,0.3989983305509182,0.4307944307944308,0.4619085805934242,0.43098745226404805,2.4830636978149414,True
3,65,1000,0.0001,9.011018251665018e-08,1,6233.0,177825.19454725014,0.2492179353493222,0.27481713688610243,0.30031282586027114,0.2747826086956522,1.0,0.9962121212121212,1.0,0.9987357774968394,0.3989983305509182,0.4307944307944308,0.4619085805934242,0.43098745226404805,2.4542644023895264,True
3,65,1000,0.0001,1.011637979766207e-07,1,6233.0,177825.19454725014,0.2492179353493222,0.27481713688610243,0.30031282586027114,0.2747826086956522,1.0,0.9962121212121212,1.0,0.9987357774968394,0.3989983305509182,0.4307944307944308,0.4619085805934242,0.43098745226404805,2.435006856918335,True
3,65,1000,0.0001,1.1357333583431052e-07,1,6233.0,177825.19454725014,0.2492179353493222,0.27481713688610243,0.30031282586027114,0.2747826086956522,1.0,0.9962121212121212,1.0,0.9987357774968394,0.3989983305509182,0.4307944307944308,0.4619085805934242,0.43098745226404805,2.462488889694214,True
3,65,1000,0.0001,1.2750512407130128e-07,1,6232.0,177801.58924301597,0.2492179353493222,0.27481713688610243,0.30094043887147337,0.27497389488339713,1.0,0.9962121212121212,1.0,0.9987357774968394,0.3989983305509182,0.4307944307944308,0.46265060240963857,0.43122270742358076,2.4739303588867188,True
3,65,1000,0.0001,1.4314589375234786e-07,1,6232.0,177801.58924301597,0.2492179353493222,0.27481713688610243,0.30094043887147337,0.27497389488339713,1.0,0.9962121212121212,1.0,0.9987357774968394,0.3989983305509182,0.4307944307944308,0.46265060240963857,0.43122270742358076,2.411437511444092,True
3,65,1000,0.0001,1.6070528182616385e-07,1,6232.0,177801.58924301597,0.2492179353493222,0.27481713688610243,0.30094043887147337,0.27497389488339713,1.0,0.9962121212121212,1.0,0.9987357774968394,0.3989983305509182,0.4307944307944308,0.46265060240963857,0.43122270742358076,2.4557015895843506,True
3,65,1000,0.0001,1.804186409392072e-07,1,6231.0,177777.98447021528,0.24947807933194155,0.27481713688610243,0.30094043887147337,0.27506963788300837,1.0,0.9962121212121212,1.0,0.9987357774968394,0.3993316624895572,0.4307944307944308,0.46265060240963857,0.4313404313404314,2.481102228164673,True
3,65,1000,0.0001,2.0255019392306663e-07,1,6231.0,177777.98447021528,0.24947807933194155,0.27481713688610243,0.30094043887147337,0.27506963788300837,1.0,0.9962121212121212,1.0,0.9987357774968394,0.3993316624895572,0.4307944307944308,0.46265060240963857,0.4313404313404314,2.467916488647461,True
3,65,1000,0.0001,2.2739657523579275e-07,1,6230.0,177754.37913093777,0.24947807933194155,0.27481713688610243,0.30157068062827225,0.27526132404181186,1.0,0.9962121212121212,1.0,0.9987357774968394,0.3993316624895572,0.4307944307944308,0.46339501206757844,0.43157607211144494,2.4438443183898926,True
3,65,1000,0.0001,2.5529080682395163e-07,1,6230.0,177754.37913093777,0.24947807933194155,0.27481713688610243,0.30157068062827225,0.27526132404181186,1.0,0.9962121212121212,1.0,0.9987357774968394,0.3993316624895572,0.4307944307944308,0.46339501206757844,0.43157607211144494,2.4569456577301025,True
3,65,1000,0.0001,2.8660676169482504e-07,1,6228.0,177707.16876271967,0.24947807933194155,0.27481713688610243,0.3008385744234801,0.2750087138375741,1.0,0.9962121212121212,0.9965277777777778,0.9974715549936789,0.3993316624895572,0.4307944307944308,0.46215780998389694,0.4311475409836066,2.4525511264801025,True
3,65,1000,0.0001,3.2176417502507355e-07,1,6228.0,177707.16876271967,0.24947807933194155,0.27481713688610243,0.3008385744234801,0.2750087138375741,1.0,0.9962121212121212,0.9965277777777778,0.9974715549936789,0.3993316624895572,0.4307944307944308,0.46215780998389694,0.4311475409836066,2.4333348274230957,True
3,65,1000,0.0001,3.6123426997094305e-07,1,6228.0,177707.16876271967,0.24947807933194155,0.27481713688610243,0.3008385744234801,0.2750087138375741,1.0,0.9962121212121212,0.9965277777777778,0.9974715549936789,0.3993316624895572,0.4307944307944308,0.46215780998389694,0.4311475409836066,2.4877681732177734,True
3,65,1000,0.0001,4.0554607358408276e-07,1,6225.0,177636.3528855824,0.2497387669801463,0.27481713688610243,0.3008385744234801,0.27510460251046026,1.0,0.9962121212121212,0.9965277777777778,0.9974715549936789,0.3996655518394649,0.4307944307944308,0.46215780998389694,0.43126537305274665,2.433222532272339,True
3,65,1000,0.0001,4.5529350748669477e-07,1,6225.0,177636.3528855824,0.2497387669801463,0.27481713688610243,0.3008385744234801,0.27510460251046026,1.0,0.9962121212121212,0.9965277777777778,0.9974715549936789,0.3996655518394649,0.4307944307944308,0.46215780998389694,0.43126537305274665,2.448638677597046,True
3,65,1000,0.0001,5.111433483440166e-07,1,6224.0,177612.74798650347,0.2497387669801463,0.27481713688610243,0.3008385744234801,0.27510460251046026,1.0,0.9962121212121212,0.9965277777777778,0.9974715549936789,0.3996655518394649,0.4307944307944308,0.46215780998389694,0.43126537305274665,2.4213204383850098,True
3,65,1000,0.0001,5.738441648302393e-07,1,6222.0,177589.14276840247,0.2497387669801463,0.27481713688610243,0.3008385744234801,0.27510460251046026,1.0,0.9962121212121212,0.9965277777777778,0.9974715549936789,0.3996655518394649,0.4307944307944308,0.46215780998389694,0.43126537305274665,2.4589390754699707,True
3,65,1000,0.0001,6.44236350872137e-07,1,6222.0,177589.14276840247,0.2497387669801463,0.27481713688610243,0.3008385744234801,0.27510460251046026,1.0,0.9962121212121212,0.9965277777777778,0.9974715549936789,0.3996655518394649,0.4307944307944308,0.46215780998389694,0.43126537305274665,2.4504220485687256,True
3,65,1000,0.0001,7.232633896483533e-07,1,6220.0,177541.932147839,0.2497387669801463,0.2743455497382199,0.3008385744234801,0.2749476622470342,1.0,0.9924242424242424,0.9965277777777778,0.9962073324905183,0.3996655518394649,0.4298605414273995,0.46215780998389694,0.4309543341536779,2.4283158779144287,True
3,65,1000,0.0001,8.119844993184009e-07,1,6219.0,177518.32672011852,0.2497387669801463,0.2743455497382199,0.3008385744234801,0.2749476622470342,1.0,0.9924242424242424,0.9965277777777778,0.9962073324905183,0.3996655518394649,0.4298605414273995,0.46215780998389694,0.4309543341536779,2.4447641372680664,True
3,65,1000,0.0001,9.115888299750819e-07,1,6218.0,177494.7214175034,0.2497387669801463,0.2743455497382199,0.3008385744234801,0.2749476622470342,1.0,0.9924242424242424,0.9965277777777778,0.9962073324905183,0.3996655518394649,0.4298605414273995,0.46215780998389694,0.4309543341536779,2.4513425827026367,True
3,65,1000,0.0001,1.0234114021054527e-06,1,6216.0,177447.51148401297,0.2497387669801463,0.27358490566037735,0.3008385744234801,0.27469458987783596,1.0,0.9886363636363636,0.9965277777777778,0.9949431099873578,0.3996655518394649,0.42857142857142855,0.46215780998389694,0.43052516411378555,2.4424097537994385,True
3,65,1000,0.0001,1.148951000187311e-06,1,6214.0,177400.30068067042,0.25,0.27358490566037735,0.3008385744234801,0.2747905027932961,1.0,0.9886363636363636,0.9965277777777778,0.9949431099873578,0.4,0.42857142857142855,0.46215780998389694,0.43064295485636117,2.4538803100585938,True
3,65,1000,0.0001,1.289890261253308e-06,1,6213.0,177376.695039697,0.25,0.27358490566037735,0.3008385744234801,0.2747905027932961,1.0,0.9886363636363636,0.9965277777777778,0.9949431099873578,0.4,0.42857142857142855,0.46215780998389694,0.43064295485636117,2.442394971847534,True
3,65,1000,0.0001,1.448118227674536e-06,1,6211.0,177353.08959266177,0.25026178010471206,0.27358490566037735,0.3008385744234801,0.2748864827104436,1.0,0.9886363636363636,0.9965277777777778,0.9949431099873578,0.4003350083752094,0.42857142857142855,0.46215780998389694,0.43076081007115485,2.424222946166992,True
3,65,1000,0.0001,1.6257556664437935e-06,1,6210.0,177329.48410023545,0.25026178010471206,0.27358490566037735,0.3008385744234801,0.2748864827104436,1.0,0.9886363636363636,0.9965277777777778,0.9949431099873578,0.4003350083752094,0.42857142857142855,0.46215780998389694,0.43076081007115485,2.45977783203125,True
3,65,1000,0.0001,1.8251834943190461e-06,1,6208.0,177305.8785240546,0.25026178010471206,0.27358490566037735,0.3001049317943337,0.2746331236897275,1.0,0.9886363636363636,0.9930555555555556,0.9936788874841972,0.4003350083752094,0.42857142857142855,0.46091861402095086,0.4303312346016972,2.4723122119903564,True
3,65,1000,0.0001,2.049074689815846e-06,1,6207.0,177305.87852465865,0.25026178010471206,0.27358490566037735,0.3001049317943337,0.2746331236897275,1.0,0.9886363636363636,0.9930555555555556,0.9936788874841972,0.4003350083752094,0.42857142857142855,0.46091861402095086,0.4303312346016972,2.4157345294952393,True
3,65,1000,0.0001,2.3004301197729215e-06,1,6206.0,177282.27287551665,0.25026178010471206,0.27358490566037735,0.3001049317943337,0.2746331236897275,1.0,0.9886363636363636,0.9930555555555556,0.9936788874841972,0.4003350083752094,0.42857142857142855,0.46091861402095086,0.4303312346016972,2.3942043781280518,True
3,65,1000,0.0001,2.5826187606826746e-06,1,6205.0,177258.66757721582,0.25026178010471206,0.27358490566037735,0.3001049317943337,0.2746331236897275,1.0,0.9886363636363636,0.9930555555555556,0.9936788874841972,0.4003350083752094,0.42857142857142855,0.46091861402095086,0.4303312346016972,2.487046003341675,True
3,65,1000,0.0001,2.899422853882881e-06,1,6205.0,177258.66757721582,0.25026178010471206,0.27358490566037735,0.3001049317943337,0.2746331236897275,1.0,0.9886363636363636,0.9930555555555556,0.9936788874841972,0.4003350083752094,0.42857142857142855,0.46091861402095086,0.4303312346016972,2.4284415245056152,True
3,65,1000,0.0001,3.2550885998350565e-06,1,6199.0,177140.64163036257,0.25026178010471206,0.27358490566037735,0.2992623814541623,0.2743177046885934,1.0,0.9886363636363636,0.9861111111111112,0.9911504424778761,0.4003350083752094,0.42857142857142855,0.4591754244139047,0.42970676897780213,2.4886059761047363,True
3,65,1000,0.0001,3.654383070957262e-06,1,6194.0,177022.6144086084,0.25026178010471206,0.27358490566037735,0.2992623814541623,0.2743177046885934,1.0,0.9886363636363636,0.9861111111111112,0.9911504424778761,0.4003350083752094,0.42857142857142855,0.4591754244139047,0.42970676897780213,2.4118995666503906,True
3,65,1000,0.0001,4.10265810582719e-06,1,6192.0,176975.40870314714,0.25026178010471206,0.27358490566037735,0.2992623814541623,0.2743177046885934,1.0,0.9886363636363636,0.9861111111111112,0.9911504424778761,0.4003350083752094,0.42857142857142855,0.4591754244139047,0.42970676897780213,2.418773651123047,True
3,65,1000,0.0001,4.605922041145113e-06,1,6191.0,176951.80366168157,0.25052410901467503,0.27358490566037735,0.2992623814541623,0.2744137206860343,1.0,0.9886363636363636,0.9861111111111112,0.9911504424778761,0.4006705783738474,0.42857142857142855,0.4591754244139047,0.4298245614035088,2.429400682449341,True
3,65,1000,0.0001,5.170920242896756e-06,1,6190.0,176928.19837269234,0.25052410901467503,0.27358490566037735,0.2992623814541623,0.2744137206860343,1.0,0.9886363636363636,0.9861111111111112,0.9911504424778761,0.4006705783738474,0.42857142857142855,0.4591754244139047,0.4298245614035088,2.4642138481140137,True
3,65,1000,0.0001,5.805225516094907e-06,1,6187.0,176857.38205605512,0.25078698845750264,0.27358490566037735,0.2992623814541623,0.27450980392156865,1.0,0.9886363636363636,0.9861111111111112,0.9911504424778761,0.401006711409396,0.42857142857142855,0.4591754244139047,0.4299424184261036,2.4150755405426025,True
3,65,1000,0.0001,6.51733960488242e-06,1,6185.0,176810.17256169888,0.25078698845750264,0.27358490566037735,0.29852320675105487,0.27425569176882664,1.0,0.9886363636363636,0.9826388888888888,0.9898862199747156,0.401006711409396,0.42857142857142855,0.4579288025889968,0.42951179374657167,2.43465518951416,True
3,65,1000,0.0001,7.316807143427207e-06,1,6182.0,176739.35584958413,0.25078698845750264,0.2728226652675761,0.29852320675105487,0.2740014015416959,1.0,0.9848484848484849,0.9826388888888888,0.988621997471555,0.401006711409396,0.42728019720624494,0.4579288025889968,0.42908093278463655,2.4265291690826416,True
3,65,1000,0.0001,8.214343584919421e-06,1,6174.0,176550.51702988351,0.2521097046413502,0.27310924369747897,0.29778247096092925,0.2743238496663154,1.0,0.9848484848484849,0.9791666666666666,0.9873577749683944,0.4026958719460826,0.4276315789473684,0.45668016194331984,0.4293567894447498,2.422119617462158,True
3,65,1000,0.0001,9.221978823334342e-06,1,6171.0,176479.70991463377,0.2521097046413502,0.27310924369747897,0.29809725158562367,0.27442023893183415,1.0,0.9848484848484849,0.9791666666666666,0.9873577749683944,0.4026958719460826,0.4276315789473684,0.45705024311183146,0.429474841902667,2.489028215408325,True
3,65,1000,0.0001,1.0353218432956615e-05,1,6166.0,176361.6856243598,0.2521097046413502,0.27310924369747897,0.2984126984126984,0.27451669595782074,1.0,0.9848484848484849,0.9791666666666666,0.9873577749683944,0.4026958719460826,0.4276315789473684,0.45742092457420924,0.4295929592959296,2.458528757095337,True
3,65,1000,0.0001,1.1623224686798542e-05,1,6163.0,176290.8704368955,0.25237592397043296,0.27157894736842103,0.2984126984126984,0.2741027445460943,1.0,0.9772727272727273,0.9791666666666666,0.9848293299620733,0.40303541315345703,0.42504118616144976,0.45742092457420924,0.42884668318194324,2.446805715560913,True
3,65,1000,0.0001,1.3049019780144016e-05,1,6157.0,176196.44984044362,0.2492046659597031,0.2721518987341772,0.2984126984126984,0.2732722143864598,0.9832635983263598,0.9772727272727273,0.9791666666666666,0.9797724399494311,0.3976311336717428,0.4257425742574258,0.45742092457420924,0.42735042735042733,2.457303524017334,True
3,65,1000,0.0001,1.4649713983072878e-05,1,6155.0,176149.23925079245,0.2492046659597031,0.2721518987341772,0.2984126984126984,0.2732722143864598,0.9832635983263598,0.9772727272727273,0.9791666666666666,0.9797724399494311,0.3976311336717428,0.4257425742574258,0.45742092457420924,0.42735042735042733,2.449191093444824,True
3,65,1000,0.0001,1.6446761779946626e-05,1,6149.0,176007.6090684028,0.2492046659597031,0.2721518987341772,0.29936305732484075,0.2735615954818214,0.9832635983263598,0.9772727272727273,0.9791666666666666,0.9797724399494311,0.3976311336717428,0.4257425742574258,0.4585365853658536,0.4277041942604856,2.4491519927978516,True
3,65,1000,0.0001,1.8464249428955465e-05,1,6144.0,175889.58257992793,0.2492046659597031,0.2713833157338965,0.29861849096705634,0.2730483927940657,0.9832635983263598,0.9734848484848485,0.9756944444444444,0.97724399494311,0.3976311336717428,0.42444260941370765,0.45728234336859236,0.4268360022087244,2.383394479751587,True
3,65,1000,0.0001,2.0729217795953697e-05,1,6138.0,175747.94603630493,0.24760892667375134,0.2698412698412698,0.298936170212766,0.27211606510969566,0.9748953974895398,0.9659090909090909,0.9756944444444444,0.9721871049304678,0.3949152542372881,0.4218362282878411,0.45765472312703587,0.4252142659662704,2.391496181488037,True
3,65,1000,0.0001,2.327202478960412e-05,1,6133.0,175629.92009545147,0.2478723404255319,0.2698412698412698,0.2992545260915868,0.2723087818696884,0.9748953974895398,0.9659090909090909,0.9756944444444444,0.9721871049304678,0.3952502120441052,0.4218362282878411,0.4580277098614507,0.4254495159059475,2.449608325958252,True
3,65,1000,0.0001,2.6126752255633263e-05,1,6131.0,175582.71218860633,0.2478723404255319,0.2698412698412698,0.2992545260915868,0.2723087818696884,0.9748953974895398,0.9659090909090909,0.9756944444444444,0.9721871049304678,0.3952502120441052,0.4218362282878411,0.4580277098614507,0.4254495159059475,2.437605142593384,True
3,65,1000,0.0001,2.9331662783900483e-05,1,6125.0,175441.06160258618,0.24813631522896698,0.2698412698412698,0.2995735607675906,0.27250177179305457,0.9748953974895398,0.9659090909090909,0.9756944444444444,0.9721871049304678,0.3955857385398981,0.4218362282878411,0.45840130505709625,0.4256850262939386,2.432304859161377,True
3,65,1000,0.0001,3.292971255097148e-05,1,6121.0,175346.64248635015,0.2484008528784648,0.2698412698412698,0.2995735607675906,0.27259836937256293,0.9748953974895398,0.9659090909090909,0.9756944444444444,0.9721871049304678,0.3959218351741716,0.4218362282878411,0.45840130505709625,0.4258028792912514,2.3735663890838623,True
3,65,1000,0.0001,3.696912707195032e-05,1,6107.0,175016.17745275167,0.24786324786324787,0.27070063694267515,0.2983957219251337,0.27230714539637396,0.9707112970711297,0.9659090909090909,0.96875,0.9683944374209861,0.3948936170212766,0.4228855721393035,0.4562551103843009,0.4250832408435072,2.461953639984131,True
3,65,1000,0.0001,4.150404757850472e-05,1,6102.0,174898.1491607651,0.24786324786324787,0.27070063694267515,0.2983957219251337,0.27230714539637396,0.9707112970711297,0.9659090909090909,0.96875,0.9683944374209861,0.3948936170212766,0.4228855721393035,0.4562551103843009,0.4250832408435072,2.435248374938965,True
3,65,1000,0.0001,4.659525668664687e-05,1,6096.0,174756.53317266086,0.24812834224598931,0.27070063694267515,0.29689174705251875,0.27188612099644127,0.9707112970711297,0.9659090909090909,0.9618055555555556,0.965865992414665,0.39522998296422485,0.4228855721393035,0.45372645372645376,0.42432657595112466,2.5227127075195312,True
3,65,1000,0.0001,5.231099308056258e-05,1,6085.0,174496.8858707501,0.24812834224598931,0.2691489361702128,0.2960172228202368,0.2710413694721826,0.9707112970711297,0.9583333333333334,0.9548611111111112,0.9608091024020228,0.39522998296422485,0.4202657807308971,0.45193097781429736,0.42280945757997224,2.4349801540374756,True
3,65,1000,0.0001,5.8727866131894886e-05,1,6077.0,174308.04729421425,0.24866023579849947,0.26943556975505856,0.296655879180151,0.27152554483744196,0.9707112970711297,0.9583333333333334,0.9548611111111112,0.9608091024020228,0.3959044368600683,0.4206151288445553,0.45267489711934156,0.4233983286908078,2.4036004543304443,True
3,65,1000,0.0001,6.593188271333541e-05,1,6062.0,173953.95585371047,0.24946236559139784,0.2700106723585913,0.2972972972972973,0.2722063037249284,0.9707112970711297,0.9583333333333334,0.9548611111111112,0.9608091024020228,0.39692044482463645,0.421315570358035,0.4534212695795548,0.424225509349707,2.4293131828308105,True
3,65,1000,0.0001,7.401959996915652e-05,1,6058.0,173859.52677665697,0.24946236559139784,0.2698072805139186,0.2972972972972973,0.27214055216923627,0.9707112970711297,0.9545454545454546,0.9548611111111112,0.9595448798988622,0.39692044482463645,0.42070116861435725,0.4534212695795548,0.42402234636871505,2.4393858909606934,True
3,65,1000,0.0001,8.309941949353386e-05,1,6051.0,173694.28637934435,0.24919093851132687,0.2698072805139186,0.2979414951245937,0.27227011494252873,0.9665271966527197,0.9545454545454546,0.9548611111111112,0.9582806573957017,0.39622641509433965,0.42070116861435725,0.4541701073492981,0.4240559440559441,2.474045515060425,True
3,65,1000,0.0001,9.329304026284696e-05,1,6036.0,173340.2096562816,0.24783549783549783,0.2706766917293233,0.29782608695652174,0.27207207207207207,0.9581589958158996,0.9545454545454546,0.9513888888888888,0.95448798988622,0.39380911435941535,0.42175732217573225,0.45364238410596025,0.42344363432417276,2.411710262298584,True
3,65,1000,0.0001,0.00010473708979594508,1,6027.0,173127.75527231427,0.24837310195227766,0.2706766917293233,0.2984749455337691,0.2724648141465175,0.9581589958158996,0.9545454545454546,0.9513888888888888,0.95448798988622,0.39448751076658056,0.42175732217573225,0.4543946932006633,0.42391914654688373,2.4375154972076416,True
3,65,1000,0.0001,0.00011758495540521582,1,6018.0,172915.2804203948,0.247557003257329,0.2706766917293233,0.2984749455337691,0.27220216606498193,0.9539748953974896,0.9545454545454546,0.9513888888888888,0.9532237673830595,0.3931034482758621,0.42175732217573225,0.4543946932006633,0.42347655153046887,2.382655382156372,True
3,65,1000,0.0001,0.00013200884008314194,1,6006.0,172632.0219347928,0.24836601307189543,0.27155172413793105,0.29880043620501634,0.27289178429243577,0.9539748953974896,0.9545454545454546,0.9513888888888888,0.9532237673830595,0.3941227312013829,0.4228187919463087,0.45477178423236514,0.4243106359032078,2.401491403579712,True
3,65,1000,0.0001,0.000148202070579886,1,5990.0,172254.4066317496,0.24835886214442013,0.27184466019417475,0.29978118161925604,0.2733212341197822,0.9497907949790795,0.9545454545454546,0.9513888888888888,0.9519595448798989,0.393755420641804,0.42317380352644846,0.45590682196339444,0.42470389170896783,2.407789945602417,True
3,65,1000,0.0001,0.00016638168860761307,1,5972.0,171829.49584044327,0.24725274725274726,0.27213822894168466,0.30022075055187636,0.27315827862873815,0.9414225941422594,0.9545454545454546,0.9444444444444444,0.9469026548672567,0.391644908616188,0.4235294117647059,0.4556113902847571,0.4240022643645627,2.3567659854888916,True
3,65,1000,0.0001,0.00018679135990207847,1,5959.0,171522.59977034584,0.24752475247524752,0.27302275189599134,0.3008849557522124,0.2737573099415205,0.9414225941422594,0.9545454545454546,0.9444444444444444,0.9469026548672567,0.39198606271777003,0.4245998315080034,0.45637583892617456,0.4247235611000851,2.4708125591278076,True
3,65,1000,0.0001,0.0002097046401323235,1,5935.0,170956.0340157108,0.24751381215469614,0.2714440825190011,0.3027932960893855,0.27379639838294745,0.9372384937238494,0.946969696969697,0.9409722222222222,0.9418457648546145,0.39160839160839156,0.42194092827004226,0.45815722738799664,0.42425968109339407,2.360278367996216,True
3,65,1000,0.0001,0.00023542864143224202,1,5914.0,170460.28245588666,0.2469545957918051,0.27094668117519044,0.3041526374859708,0.2738665683744932,0.9330543933054394,0.9431818181818182,0.9409722222222222,0.9393173198482933,0.3905429071803853,0.4209636517328825,0.4597116200169636,0.4240867579908676,2.410460948944092,True
3,65,1000,0.0001,0.0002643081486974108,1,5896.0,170035.3879057527,0.24694104560622915,0.27094668117519044,0.3048368953880765,0.2741041743627632,0.9288702928870293,0.9431818181818182,0.9409722222222222,0.9380530973451328,0.3901581722319859,0.4209636517328825,0.46049277824978757,0.4242424242424242,2.4026031494140625,True
3,65,1000,0.0001,0.0002967302408188873,1,5877.0,169586.84611592663,0.24804469273743016,0.2701525054466231,0.3055242390078918,0.27444444444444444,0.9288702928870293,0.9393939393939394,0.9409722222222222,0.9367888748419722,0.3915343915343915,0.4196277495769882,0.46127659574468083,0.42452019478659403,2.414900302886963,True
3,65,1000,0.0001,0.0003331294787934677,1,5856.0,169091.09693036886,0.24943820224719102,0.27044711014176664,0.30498866213151926,0.2748233544068427,0.9288702928870293,0.9393939393939394,0.9340277777777778,0.934260429835651,0.39326837909654566,0.41998306519898393,0.4598290598290598,0.4247126436781609,2.4019927978515625,True
3,65,1000,0.0001,0.00037399373024788016,1,5840.0,168713.36949692038,0.24830699774266365,0.2702407002188184,0.30498866213151926,0.2744220730797912,0.9205020920502092,0.9356060606060606,0.9340277777777778,0.9304677623261695,0.3911111111111111,0.41935483870967744,0.4598290598290598,0.42384105960264906,2.358757972717285,True
3,65,1000,0.0001,0.00041987070844439145,1,5815.0,168123.25913509674,0.2471655328798186,0.26952695269526955,0.30216647662485746,0.272863568215892,0.9121338912133892,0.928030303030303,0.9201388888888888,0.9203539823008849,0.3889384478144514,0.4177323103154306,0.4549356223175965,0.4209309048858051,2.354527711868286,True
3,65,1000,0.0001,0.00047137531341167287,1,5789.0,167509.3222618482,0.2474460839954597,0.2701212789415656,0.30216647662485746,0.2731707317073171,0.9121338912133892,0.928030303030303,0.9201388888888888,0.9203539823008849,0.38928571428571423,0.4184457728437233,0.4549356223175965,0.4212962962962964,2.3814268112182617,True
3,65,1000,0.0001,0.0005291978735958448,1,5761.0,166848.40800726606,0.24857468643101482,0.271412680756396,0.3024054982817869,0.2740656851642129,0.9121338912133892,0.9242424242424242,0.9166666666666666,0.9178255372945638,0.3906810035842294,0.4196044711951849,0.4547803617571059,0.42209302325581394,2.404543876647949,True
3,65,1000,0.0001,0.000594113398496504,1,5736.0,166258.23001841892,0.2502870264064294,0.27232142857142855,0.3029953917050691,0.27514231499051234,0.9121338912133892,0.9242424242424242,0.9131944444444444,0.9165613147914032,0.39279279279279283,0.4206896551724138,0.45501730103806226,0.4232340922358436,2.4305434226989746,True
3,65,1000,0.0001,0.0006669919663030129,1,5704.0,165502.74998775442,0.25,0.273542600896861,0.30359212050984935,0.27567773959526537,0.9037656903765691,0.9242424242424242,0.9097222222222222,0.9127686472819216,0.3916591115140525,0.4221453287197232,0.4552562988705473,0.4234604105571847,2.407956123352051,True
3,65,1000,0.0001,0.000748810385759003,1,5661.0,164487.6392215214,0.24970828471411902,0.2747747747747748,0.30526315789473685,0.2765384615384615,0.895397489539749,0.9242424242424242,0.90625,0.9089759797724399,0.3905109489051095,0.4236111111111111,0.4566929133858268,0.42406369802418153,2.3687448501586914,True
3,65,1000,0.0001,0.0008406652885618334,1,5631.0,163778.87348119164,0.24941451990632318,0.2732426303854875,0.30742049469964666,0.2765957446808511,0.891213389121339,0.9128787878787878,0.90625,0.9039190897597977,0.3897529734675206,0.4205933682373473,0.4591029023746703,0.42357819905213273,2.3658645153045654,True
3,65,1000,0.0001,0.0009437878277775391,1,5605.0,163165.2398821506,0.2476525821596244,0.2748004561003421,0.30650887573964497,0.2762237762237762,0.8828451882845189,0.9128787878787878,0.8993055555555556,0.8988621997471555,0.386801099908341,0.4224364592462752,0.4571932921447484,0.42258543833580975,2.3651673793792725,True
3,65,1000,0.0001,0.001059560179277617,1,5563.0,162173.54265048652,0.25029797377830754,0.2734553775743707,0.30714285714285716,0.27692910301605955,0.8786610878661087,0.9053030303030303,0.8958333333333334,0.8938053097345132,0.38961038961038963,0.4200351493848858,0.45744680851063835,0.42284688995215314,2.39194393157959,True
3,65,1000,0.0001,0.0011895340673703208,1,5525.0,161276.40548869595,0.25059952038369304,0.27419354838709675,0.3072289156626506,0.2772511848341232,0.8744769874476988,0.9015151515151515,0.8854166666666666,0.8874841972187105,0.3895619757688723,0.42049469964664304,0.4561717352415027,0.42250978031898884,2.3699803352355957,True
3,65,1000,0.0001,0.0013354515629299,1,5477.0,160142.91952282307,0.24939467312348668,0.27325581395348836,0.30450669914738127,0.27562824092540883,0.8619246861924686,0.8901515151515151,0.8680555555555556,0.8735777496839444,0.3868544600938967,0.4181494661921708,0.4508566275924257,0.4190418435415403,2.4113669395446777,True
3,65,1000,0.0001,0.001499268432786047,1,5434.0,159127.66600415885,0.24664224664224665,0.2738927738927739,0.30579531442663377,0.2753215434083601,0.8451882845188284,0.8901515151515151,0.8611111111111112,0.865992414664981,0.38185255198487716,0.41889483065953653,0.45131938125568694,0.41781030802073804,2.3761661052703857,True
3,65,1000,0.0001,0.0016831803533309583,1,5372.0,157663.5454487671,0.24968789013732834,0.2767962308598351,0.3083645443196005,0.2782537739698082,0.8368200836820083,0.8901515151515151,0.8576388888888888,0.8621997471554994,0.3846153846153846,0.422282120395328,0.45362718089990806,0.4207279457125231,2.3445537090301514,True
3,65,1000,0.0001,0.0018896523396912115,1,5319.0,156412.72303406295,0.24873737373737373,0.2747909199522103,0.30583756345177665,0.27637567232105914,0.8242677824267782,0.8712121212121212,0.8368055555555556,0.8445006321112516,0.3821532492725509,0.4178019981834696,0.44795539033457243,0.4164588528678304,2.354198694229126,True
3,65,1000,0.0001,0.002121451784910632,1,5258.0,154972.37694571033,0.24839948783610755,0.2720677146311971,0.30541237113402064,0.2751677852348993,0.8117154811715481,0.8522727272727273,0.8229166666666666,0.8293299620733249,0.3803921568627451,0.41246562786434465,0.44548872180451127,0.4132283464566929,2.3627591133117676,True
3,65,1000,0.0001,0.0023816855519761607,1,5209.0,153815.72280423308,0.24708926261319533,0.2730627306273063,0.30429128738621586,0.27473460721868365,0.799163179916318,0.8409090909090909,0.8125,0.8179519595448799,0.3774703557312252,0.4122562674094708,0.4427625354777673,0.4113159567705022,2.3873887062072754,True
3,65,1000,0.0001,0.0026738416158399495,1,5152.0,152470.21910991776,0.24771838331160365,0.2736318407960199,0.30577427821522307,0.2756108015430776,0.7949790794979079,0.8333333333333334,0.8090277777777778,0.8128950695322377,0.37773359840954274,0.4119850187265917,0.44380952380952376,0.41165172855313703,2.3920512199401855,True
3,65,1000,0.0001,0.0030018358135755923,1,5092.0,151054.05976589955,0.24702774108322326,0.27112232030264816,0.3054448871181939,0.27442466348241423,0.7824267782426778,0.8143939393939394,0.7986111111111112,0.7989886219974716,0.3755020080321285,0.4068117313150426,0.44188280499519694,0.4085326438267614,2.4058871269226074,True
3,65,1000,0.0001,0.0033700643292719316,1,5030.0,149590.26333189098,0.24899598393574296,0.2715736040609137,0.3054054054054054,0.27516483516483514,0.7782426778242678,0.8106060606060606,0.7847222222222222,0.7914032869785083,0.37728194726166325,0.40684410646387825,0.43968871595330744,0.40834964122635353,2.346883535385132,True
3,65,1000,0.0001,0.003783462617131933,1,4951.0,147726.34409543744,0.24830393487109906,0.27483870967741936,0.3065187239944521,0.27630989699955216,0.7656903765690377,0.8068181818181818,0.7673611111111112,0.7800252844500632,0.375,0.4100096246390761,0.4380574826560952,0.4080687830687831,2.3439745903015137,True
3,65,1000,0.0001,0.004247571552536903,1,4879.0,146026.7282119004,0.24551724137931036,0.27140974967061926,0.307909604519774,0.27463503649635035,0.7447698744769874,0.7803030303030303,0.7569444444444444,0.7610619469026548,0.36929460580912865,0.4027370478983383,0.43775100401606426,0.4036205162587999,2.2868685722351074,True
3,65,1000,0.0001,0.004768611697714475,1,4812.0,144445.22495917478,0.24687933425797504,0.2735723771580345,0.3057142857142857,0.2750689972401104,0.7447698744769874,0.7803030303030303,0.7430555555555556,0.7560050568900126,0.37083333333333335,0.4051130776794493,0.4331983805668016,0.40337268128161885,2.354915142059326,True
3,65,1000,0.0001,0.00535356667741073,1,4729.0,142486.3738648531,0.24752475247524752,0.2718707940780619,0.3072463768115942,0.2752336448598131,0.7322175732217573,0.7651515151515151,0.7361111111111112,0.7446270543615676,0.36997885835095135,0.4011916583912612,0.4335378323108385,0.4019106107130672,2.37583327293396,True
3,65,1000,0.0001,0.006010276782070388,1,4650.0,140622.4265713768,0.24927953890489912,0.26785714285714285,0.30814814814814817,0.27467811158798283,0.7238493723849372,0.7386363636363636,0.7222222222222222,0.7281921618204804,0.3708467309753483,0.39314516129032256,0.4319833852544133,0.3988919667590028,2.361152410507202,True
3,65,1000,0.0001,0.0067475440531107,1,4573.0,138804.6446345605,0.24745269286754004,0.2696629213483146,0.30988023952095806,0.27527818093855827,0.7112970711297071,0.7272727272727273,0.71875,0.7193426042983565,0.367170626349892,0.39344262295081966,0.43305439330543927,0.39818054583624907,2.3269569873809814,True
3,65,1000,0.0001,0.00757525025877192,1,4477.0,136538.26679272228,0.24962630792227206,0.2719424460431655,0.31124807395993837,0.27719821162444114,0.698744769874477,0.7159090909090909,0.7013888888888888,0.7054361567635904,0.36784140969163,0.3941605839416058,0.43116328708644613,0.3980028530670471,2.321389675140381,True
3,65,1000,0.0001,0.008504489341802686,1,4395.0,134602.95692310337,0.24961479198767333,0.27365356622998543,0.31338582677165355,0.2785388127853881,0.6778242677824268,0.7121212121212122,0.6909722222222222,0.6940581542351454,0.36486486486486486,0.3953732912723449,0.4312026002166847,0.39753801593048516,2.3268823623657227,True
3,65,1000,0.0001,0.009547716114208066,1,4299.0,132336.1262557418,0.25,0.27529761904761907,0.3183279742765273,0.28082901554404144,0.6652719665271967,0.7007575757575758,0.6875,0.6852085967130215,0.36342857142857143,0.39529914529914534,0.4351648351648352,0.398382947445792,2.326120615005493,True
3,65,1000,0.0001,0.010718913192051286,1,4203.0,130067.35397167559,0.25080906148867316,0.2732824427480916,0.324459234608985,0.2822838847385272,0.6485355648535565,0.678030303030303,0.6770833333333334,0.6687737041719343,0.36172695449241543,0.3895538628944505,0.4386951631046119,0.3969981238273921,2.3056774139404297,True
3,65,1000,0.0001,0.012033778407775905,1,4111.0,127893.99426492925,0.2537313432835821,0.27682737169517885,0.32130584192439865,0.2833698030634573,0.6401673640167364,0.6742424242424242,0.6493055555555556,0.6548672566371682,0.36342042755344417,0.392502756339581,0.42988505747126443,0.3955708285605192,2.284337043762207,True
3,65,1000,0.0001,0.01350993521198028,1,4009.0,125484.97277704724,0.2555746140651801,0.28139904610492844,0.32456140350877194,0.2867564534231201,0.6234309623430963,0.6704545454545454,0.6423611111111112,0.6460176991150443,0.36253041362530414,0.39641657334826425,0.43123543123543123,0.3972017100660708,2.3172054290771484,True
3,65,1000,0.0001,0.015167168884709242,1,3893.0,122745.39228328389,0.25760286225402507,0.27980132450331124,0.3267504488330341,0.2877906976744186,0.602510460251046,0.6401515151515151,0.6319444444444444,0.6257901390644753,0.3609022556390978,0.38940092165898615,0.43076923076923074,0.3942652329749104,2.3072807788848877,True
3,65,1000,0.0001,0.017027691722259014,1,3755.0,119486.15512214009,0.26127819548872183,0.2773972602739726,0.33271719038817005,0.2902836451418226,0.5815899581589958,0.6136363636363636,0.625,0.6080910240202275,0.3605706874189365,0.38207547169811323,0.43425814234016885,0.3929738562091504,2.2857108116149902,True
3,65,1000,0.0001,0.019116440753857038,1,3630.0,116534.31552567738,0.2587548638132296,0.2791519434628975,0.3269961977186312,0.28829389788293897,0.5564853556485355,0.5984848484848485,0.5972222222222222,0.5853350189633375,0.35325365205843295,0.38072289156626504,0.4226044226044226,0.3863162286191072,2.2890539169311523,True
3,65,1000,0.0001,0.021461411978584057,1,3531.0,114195.51807334062,0.26411290322580644,0.28650646950092423,0.328125,0.29309231762427373,0.5481171548117155,0.5871212121212122,0.5833333333333334,0.5739570164348925,0.3564625850340136,0.38509316770186336,0.42,0.388034188034188,2.259441375732422,True
3,65,1000,0.0001,0.02409403560239527,1,3389.0,110842.93681862685,0.2692307692307692,0.28982725527831094,0.3253012048192771,0.2952252858103564,0.5271966527196653,0.571969696969697,0.5625,0.5549936788874842,0.3564356435643564,0.3847133757961783,0.41221374045801523,0.38542581211589105,2.2231860160827637,True
3,65,1000,0.0001,0.02704959730463137,1,3272.0,108079.28002354575,0.267260579064588,0.302,0.3235908141962422,0.29831932773109243,0.502092050209205,0.571969696969697,0.5381944444444444,0.538558786346397,0.3488372093023256,0.3952879581151832,0.4041720990873533,0.38395673726904006,2.2519190311431885,True
3,65,1000,0.0001,0.030367711180354605,1,3139.0,104937.17004976097,0.2757009345794392,0.3075313807531381,0.3239130434782609,0.30307467057101023,0.49372384937238495,0.5568181818181818,0.5173611111111112,0.5233881163084703,0.35382308845577204,0.39622641509433965,0.3983957219251337,0.3838664812239221,2.250861644744873,True
3,65,1000,0.0001,0.03409285069746815,1,3030.0,102361.34993186427,0.2780487804878049,0.30151843817787416,0.32808988764044944,0.30319148936170215,0.4769874476987448,0.5265151515151515,0.5069444444444444,0.504424778761062,0.3513097072419107,0.383448275862069,0.39836289222373805,0.37873754152823924,2.259902238845825,True
3,65,1000,0.0001,0.03827494478516315,1,2923.0,99831.67637846258,0.27411167512690354,0.3031674208144796,0.325635103926097,0.30181245074862095,0.45188284518828453,0.5075757575757576,0.4895833333333333,0.48419721871049304,0.3412322274881517,0.3796033994334277,0.391123439667129,0.3718446601941747,2.277977466583252,True
3,65,1000,0.0001,0.04297004704320844,1,2806.0,97066.01857219517,0.2761394101876676,0.30679156908665106,0.33175355450236965,0.3060556464811784,0.4309623430962343,0.4962121212121212,0.4861111111111111,0.47281921618204803,0.3366013071895425,0.37916063675832123,0.3943661971830986,0.3715846994535519,2.20697021484375,True
3,65,1000,0.0001,0.04824108704165374,1,2660.0,93617.09489069087,0.268361581920904,0.315,0.33415233415233414,0.30749354005167956,0.39748953974895396,0.4772727272727273,0.4722222222222222,0.45132743362831856,0.32040472175379425,0.3795180722891567,0.39136690647482014,0.36577868852459017,2.2324905395507812,True
3,65,1000,0.0001,0.05415871378079476,1,2525.0,90422.61647319712,0.2674772036474164,0.31675392670157065,0.33419689119170987,0.3081130355515041,0.3682008368200837,0.4583333333333333,0.4479166666666667,0.427307206068268,0.30985915492957744,0.3746130030959752,0.3827893175074184,0.3580508474576271,2.2543458938598633,True
3,65,1000,0.0001,0.06080224261649427,1,2404.0,87562.22465958356,0.2621359223300971,0.3170731707317073,0.329700272479564,0.30526315789473685,0.3389121338912134,0.4431818181818182,0.4201388888888889,0.40328697850821743,0.29562043795620435,0.3696682464454977,0.3694656488549618,0.3474945533769063,2.1968255043029785,True
3,65,1000,0.0001,0.06826071834272393,1,2286.0,84772.19798304592,0.26071428571428573,0.29190751445086704,0.32670454545454547,0.2955010224948875,0.3054393305439331,0.38257575757575757,0.3993055555555556,0.36536030341340076,0.28131021194605016,0.33114754098360655,0.35937500000000006,0.3267382702091577,2.199533224105835,True
3,65,1000,0.0001,0.07663410868007463,1,2169.0,82004.96825689425,0.2748091603053435,0.3058103975535168,0.32748538011695905,0.3050483351235231,0.301255230125523,0.3787878787878788,0.3888888888888889,0.359039190897598,0.2874251497005988,0.338409475465313,0.35555555555555557,0.32984901277584205,2.1751229763031006,True
3,65,1000,0.0001,0.08603464416684509,1,2065.0,79546.16294146662,0.2782258064516129,0.3086816720257235,0.3282208588957055,0.3073446327683616,0.28870292887029286,0.36363636363636365,0.3715277777777778,0.3438685208596713,0.28336755646817247,0.3339130434782609,0.34853420195439744,0.324582338902148,2.1614506244659424,True
3,65,1000,0.0001,0.09658832241158709,1,1955.0,76947.57738135477,0.2801724137931034,0.31399317406143346,0.33003300330033003,0.3103864734299517,0.2719665271966527,0.3484848484848485,0.3472222222222222,0.324905183312263,0.2760084925690021,0.3303411131059246,0.338409475465313,0.317479925880173,2.143551826477051,True
3,65,1000,0.0001,0.1084365968689611,1,1855.0,74578.17534562106,0.27149321266968324,0.3120567375886525,0.3321917808219178,0.3081761006289308,0.2510460251046025,0.3333333333333333,0.3368055555555556,0.30973451327433627,0.2608695652173913,0.32234432234432236,0.33448275862068966,0.308953341740227,2.1322176456451416,True
3,65,1000,0.0001,0.1217382727739662,1,1756.0,72235.90219727921,0.2815533980582524,0.3106060606060606,0.33574007220216606,0.3119143239625167,0.24267782426778242,0.3106060606060606,0.3229166666666667,0.2945638432364096,0.2606741573033708,0.3106060606060606,0.3292035398230089,0.30299089726918077,2.1526010036468506,True
3,65,1000,0.0001,0.13667163564620075,1,1667.0,70128.44895313529,0.29591836734693877,0.3176470588235294,0.3345724907063197,0.31805555555555554,0.24267782426778242,0.3068181818181818,0.3125,0.2895069532237674,0.26666666666666666,0.3121387283236994,0.32315978456014366,0.30311052283256124,2.1325371265411377,True
3,65,1000,0.0001,0.15343684089300133,1,1593.0,68377.20183227966,0.29842931937172773,0.31512605042016806,0.33204633204633205,0.3168604651162791,0.2384937238493724,0.2840909090909091,0.2986111111111111,0.27560050568900124,0.2651162790697675,0.298804780876494,0.31444241316270566,0.2947937795807978,2.155662775039673,True
3,65,1000,0.0001,0.17225859653987874,1,1517.0,66574.14158961334,0.3076923076923077,0.3022222222222222,0.3237704918032787,0.3118279569892473,0.23430962343096234,0.25757575757575757,0.2743055555555556,0.25663716814159293,0.2660332541567696,0.278118609406953,0.2969924812030076,0.2815533980582524,2.0979299545288086,True
3,65,1000,0.0001,0.19338917504552322,1,1453.0,65058.206057012605,0.3160919540229885,0.3116279069767442,0.31512605042016806,0.3141945773524721,0.2301255230125523,0.2537878787878788,0.2604166666666667,0.24905183312262957,0.26634382566585957,0.279749478079332,0.2851711026615969,0.2778561354019746,2.110719919204712,True
3,65,1000,0.0001,0.21711179456945054,1,1384.0,63423.69464932402,0.3192771084337349,0.32038834951456313,0.30434782608695654,0.313953488372093,0.2217573221757322,0.25,0.24305555555555555,0.23893805309734514,0.2617283950617284,0.2808510638297872,0.2702702702702703,0.271356783919598,2.120750665664673,True
3,65,1000,0.0001,0.24374441501222216,1,1317.0,61827.85433109899,0.3137254901960784,0.3225806451612903,0.29333333333333333,0.30851063829787234,0.200836820083682,0.22727272727272727,0.22916666666666666,0.21997471554993678,0.24489795918367346,0.26666666666666666,0.2573099415204679,0.2568265682656827,2.1344449520111084,True
3,65,1000,0.0001,0.27364399970746717,1,1254.0,60316.60119904321,0.31756756756756754,0.3409090909090909,0.29577464788732394,0.3165735567970205,0.19665271966527198,0.22727272727272727,0.21875,0.21491782553729458,0.24289405684754523,0.2727272727272727,0.25149700598802394,0.2560240963855422,2.103278398513794,True
3,65,1000,0.0001,0.3072112998861759,1,1196.0,58941.70945490309,0.3146853146853147,0.3413173652694611,0.2955665024630542,0.3157894736842105,0.18828451882845187,0.2159090909090909,0.20833333333333334,0.20480404551201012,0.23560209424083767,0.26450116009280744,0.2443991853360489,0.2484662576687116,2.095984935760498,True
3,65,1000,0.0001,0.34489622604057596,1,1142.0,57660.802112745936,0.3284671532846715,0.3522012578616352,0.3020833333333333,0.32581967213114754,0.18828451882845187,0.21212121212121213,0.2013888888888889,0.20101137800252844,0.2393617021276596,0.2647754137115839,0.24166666666666667,0.2486317435496482,2.1011264324188232,True
3,65,1000,0.0001,0.38720387818125573,1,1102.0,56713.38973270402,0.3387096774193548,0.36129032258064514,0.3020833333333333,0.33121019108280253,0.17573221757322174,0.21212121212121213,0.2013888888888889,0.1972187104930468,0.23140495867768596,0.26730310262529833,0.24166666666666667,0.24722662440570523,2.0941967964172363,True
3,65,1000,0.0001,0.43470131581250265,1,1049.0,55452.78243478923,0.3474576271186441,0.3835616438356164,0.3064516129032258,0.3422222222222222,0.17154811715481172,0.21212121212121213,0.19791666666666666,0.19469026548672566,0.2296918767507003,0.27317073170731704,0.24050632911392406,0.24818694601128125,2.0200982093811035,True
3,65,1000,0.0001,0.48802515836544336,1,1000.0,54282.339206417455,0.36363636363636365,0.36879432624113473,0.2967032967032967,0.3371824480369515,0.16736401673640167,0.19696969696969696,0.1875,0.1845764854614412,0.2292263610315186,0.25679012345679014,0.2297872340425532,0.23856209150326796,2.0572562217712402,True
3,65,1000,0.0001,0.5478901179593945,1,948.0,53045.35467586444,0.375,0.3684210526315789,0.2988505747126437,0.340632603406326,0.16317991631799164,0.1856060606060606,0.18055555555555555,0.17699115044247787,0.22740524781341107,0.24685138539042822,0.22510822510822515,0.23294509151414308,2.0702269077301025,True
3,65,1000,0.0001,0.6150985788580504,1,909.0,52094.11407506271,0.37,0.3790322580645161,0.29239766081871343,0.3392405063291139,0.15481171548117154,0.17803030303030304,0.1736111111111111,0.16940581542351454,0.21828908554572268,0.2422680412371134,0.21786492374727667,0.2259696458684654,2.0613765716552734,True
3,65,1000,0.0001,0.6905513520162331,1,875.0,51276.67175174855,0.375,0.37815126050420167,0.29878048780487804,0.34300791556728233,0.1506276150627615,0.17045454545454544,0.1701388888888889,0.16434892541087232,0.21492537313432838,0.23498694516971277,0.2168141592920354,0.22222222222222227,2.032156467437744,True
3,65,1000,0.0001,0.7752597488629465,1,832.0,50253.71364057188,0.367816091954023,0.3783783783783784,0.30625,0.3435754189944134,0.13389121338912133,0.1590909090909091,0.1701388888888889,0.1554993678887484,0.19631901840490795,0.22400000000000003,0.21875,0.21409921671018275,2.0768754482269287,True
3,65,1000,0.0001,0.8703591361485166,1,793.0,49302.008935764876,0.38095238095238093,0.3644859813084112,0.3081761006289308,0.34285714285714286,0.13389121338912133,0.14772727272727273,0.1701388888888889,0.15170670037926676,0.1981424148606811,0.21024258760107817,0.21923937360178972,0.21034180543383,2.0483829975128174,True
3,65,1000,0.0001,0.9771241535346502,1,739.0,47988.923326198434,0.3815789473684211,0.38,0.29333333333333333,0.34049079754601225,0.12133891213389121,0.14393939393939395,0.1527777777777778,0.14032869785082175,0.18412698412698414,0.20879120879120883,0.20091324200913244,0.19874664279319604,2.10829758644104,True
3,65,1000,0.0001,1.0969857978923863,1,697.0,46973.13902554484,0.39705882352941174,0.38461538461538464,0.27972027972027974,0.33774834437086093,0.11297071129707113,0.13257575757575757,0.1388888888888889,0.12895069532237674,0.17589576547231273,0.1971830985915493,0.18561484918793505,0.1866422689844465,2.0461480617523193,True
3,65,1000,0.0001,1.231550603292826,1,656.0,45973.68273659957,0.4090909090909091,0.36585365853658536,0.2826086956521739,0.3356643356643357,0.11297071129707113,0.11363636363636363,0.13541666666666666,0.1213653603034134,0.17704918032786887,0.17341040462427745,0.18309859154929575,0.17827298050139276,2.047980546951294,True
3,65,1000,0.0001,1.3826221737646591,1,613.0,44934.09691860426,0.4,0.39473684210526316,0.2846153846153846,0.34317343173431736,0.1087866108786611,0.11363636363636363,0.1284722222222222,0.11757269279393173,0.17105263157894735,0.1764705882352941,0.1770334928229665,0.1751412429378531,2.0647952556610107,True
3,65,1000,0.0001,1.552225357427048,1,574.0,44001.43468540897,0.4032258064516129,0.4,0.2845528455284553,0.34509803921568627,0.10460251046025104,0.10606060606060606,0.12152777777777778,0.11125158027812895,0.16611295681063123,0.16766467065868262,0.17031630170316303,0.1682600382409178,2.0326902866363525,True
3,65,1000,0.0001,1.7426333860096543,1,531.0,42975.82142243332,0.41379310344827586,0.390625,0.2920353982300885,0.34893617021276596,0.100418410041841,0.0946969696969697,0.11458333333333333,0.10366624525916561,0.1616161616161616,0.15243902439024387,0.16458852867830423,0.15984405458089668,2.0377511978149414,True
3,65,1000,0.0001,1.9563983435170649,1,501.0,42241.06855746709,0.43636363636363634,0.39344262295081966,0.29906542056074764,0.35874439461883406,0.100418410041841,0.09090909090909091,0.1111111111111111,0.1011378002528445,0.163265306122449,0.14769230769230768,0.1620253164556962,0.15779092702169625,2.056001663208008,True
3,65,1000,0.0001,2.1963853724165516,1,483.0,41788.73606543624,0.46,0.38333333333333336,0.28846153846153844,0.35514018691588783,0.09623430962343096,0.08712121212121213,0.10416666666666667,0.09608091024020228,0.15916955017301038,0.14197530864197533,0.1530612244897959,0.15124378109452738,1.9969542026519775,True
3,65,1000,0.0001,2.4658110758226037,1,454.0,41069.356530263125,0.4444444444444444,0.3793103448275862,0.3020833333333333,0.35678391959798994,0.08368200836820083,0.08333333333333333,0.10069444444444445,0.0897597977243995,0.1408450704225352,0.13664596273291924,0.15104166666666666,0.14343434343434344,2.0027267932891846,True
3,65,1000,0.0001,2.768286630392072,1,426.0,40396.04568387332,0.4418604651162791,0.38596491228070173,0.3076923076923077,0.3612565445026178,0.0794979079497908,0.08333333333333333,0.09722222222222222,0.08723135271807839,0.1347517730496454,0.1370716510903427,0.14775725593667546,0.14052953156822812,2.005765199661255,True
3,65,1000,0.0001,3.107866187782014,1,408.0,39958.50463553888,0.41025641025641024,0.41509433962264153,0.3181818181818182,0.36666666666666664,0.06694560669456066,0.08333333333333333,0.09722222222222222,0.08343868520859671,0.11510791366906474,0.138801261829653,0.14893617021276598,0.13594232749742532,2.0227420330047607,True
3,65,1000,0.0001,3.489101213406781,1,389.0,39484.93253759171,0.3888888888888889,0.4375,0.3218390804597701,0.3684210526315789,0.058577405857740586,0.07954545454545454,0.09722222222222222,0.07964601769911504,0.10181818181818182,0.13461538461538458,0.14933333333333332,0.13097713097713098,2.016291618347168,True
3,65,1000,0.0001,3.9171014908092605,1,360.0,38783.873744395365,0.3870967741935484,0.425531914893617,0.32941176470588235,0.36809815950920244,0.0502092050209205,0.07575757575757576,0.09722222222222222,0.07585335018963338,0.08888888888888888,0.12861736334405147,0.15013404825737264,0.12578616352201258,2.0008370876312256,True
3,65,1000,0.0001,4.39760360930273,1,344.0,38372.46291109943,0.3793103448275862,0.42857142857142855,0.35,0.37748344370860926,0.04602510460251046,0.06818181818181818,0.09722222222222222,0.07206068268015171,0.08208955223880596,0.1176470588235294,0.15217391304347827,0.12101910828025479,2.020144462585449,True
3,65,1000,0.0001,4.937047852839004,1,323.0,37858.087198066365,0.3793103448275862,0.45,0.34615384615384615,0.38095238095238093,0.04602510460251046,0.06818181818181818,0.09375,0.07079646017699115,0.08208955223880596,0.11842105263157894,0.14754098360655737,0.11940298507462686,2.0466160774230957,True
3,65,1000,0.0001,5.542664520663118,1,301.0,37313.75684187381,0.37037037037037035,0.46153846153846156,0.35064935064935066,0.38461538461538464,0.04184100418410042,0.06818181818181818,0.09375,0.0695322376738306,0.07518796992481203,0.11881188118811878,0.14794520547945206,0.11777301927194861,2.011658191680908,True
3,65,1000,0.0001,6.222570836730231,1,274.0,36648.39978499119,0.32,0.45714285714285713,0.37142857142857144,0.38461538461538464,0.03347280334728033,0.06060606060606061,0.09027777777777778,0.0632111251580278,0.0606060606060606,0.10702341137123746,0.14525139664804468,0.10857763300760043,1.9856030941009521,True
3,65,1000,0.0001,6.985879746785264,1,254.0,36144.71357892863,0.3333333333333333,0.45161290322580644,0.3770491803278688,0.3879310344827586,0.03347280334728033,0.05303030303030303,0.0798611111111111,0.056890012642225034,0.06083650190114068,0.09491525423728814,0.1318051575931232,0.09922822491730982,2.0700228214263916,True
3,65,1000,0.0001,7.842822061337682,1,235.0,35687.57782977951,0.36363636363636365,0.45161290322580644,0.35714285714285715,0.3853211009174312,0.03347280334728033,0.05303030303030303,0.06944444444444445,0.05309734513274336,0.06130268199233716,0.09491525423728814,0.11627906976744186,0.09333333333333334,1.9978585243225098,True
3,65,1000,0.0001,8.804883581643482,1,217.0,35219.019949305264,0.4444444444444444,0.5,0.34615384615384615,0.40625,0.03347280334728033,0.04924242424242424,0.0625,0.0493046776232617,0.062256809338521395,0.0896551724137931,0.10588235294117647,0.08793686583990981,1.9980800151824951,True
3,65,1000,0.0001,9.884959046625585,1,208.0,34982.01570509991,0.5,0.48,0.36,0.4175824175824176,0.03347280334728033,0.045454545454545456,0.0625,0.04804045512010114,0.06274509803921569,0.08304498269896193,0.10650887573964497,0.08616780045351474,2.013834238052368,True
3,65,1000,0.0001,11.097524964120744,1,199.0,34743.52108887104,0.5333333333333333,0.45454545454545453,0.3469387755102041,0.4069767441860465,0.03347280334728033,0.03787878787878788,0.059027777777777776,0.04424778761061947,0.06299212598425195,0.06993006993006994,0.10089020771513353,0.07981755986316989,1.9916465282440186,True
3,65,1000,0.0001,12.458833642950081,1,191.0,34550.828848765384,0.5333333333333333,0.45454545454545453,0.3404255319148936,0.40476190476190477,0.03347280334728033,0.03787878787878788,0.05555555555555555,0.04298356510745891,0.06299212598425195,0.06993006993006994,0.0955223880597015,0.07771428571428571,1.9761743545532227,True
3,65,1000,0.0001,13.987131026472415,1,178.0,34232.69731365582,0.5333333333333333,0.42857142857142855,0.36363636363636365,0.4125,0.03347280334728033,0.03409090909090909,0.05555555555555555,0.041719342604298354,0.06299212598425195,0.0631578947368421,0.09638554216867468,0.07577497129735936,1.9882957935333252,True
3,65,1000,0.0001,15.702901247293775,1,167.0,33956.72507156417,0.5333333333333333,0.3888888888888889,0.3902439024390244,0.4189189189189189,0.03347280334728033,0.026515151515151516,0.05555555555555555,0.039190897597977246,0.06299212598425195,0.04964539007092199,0.09726443768996959,0.07167630057803469,2.016235589981079,True
3,65,1000,0.0001,17.629141180959515,1,154.0,33616.94826894249,0.5714285714285714,0.4117647058823529,0.3684210526315789,0.42028985507246375,0.03347280334728033,0.026515151515151516,0.04861111111111111,0.03666245259165613,0.06324110671936758,0.04982206405693951,0.08588957055214724,0.06744186046511627,2.000934362411499,True
3,65,1000,0.0001,19.791668678535572,1,143.0,33336.11425049961,0.5714285714285714,0.4375,0.4117647058823529,0.453125,0.03347280334728033,0.026515151515151516,0.04861111111111111,0.03666245259165613,0.06324110671936758,0.05,0.08695652173913043,0.06783625730994153,1.9847333431243896,True
3,65,1000,0.0001,22.219468609395285,1,132.0,33017.92782272338,0.5454545454545454,0.4375,0.42424242424242425,0.45,0.02510460251046025,0.026515151515151516,0.04861111111111111,0.03413400758533502,0.048,0.05,0.08722741433021806,0.06345475910693302,1.9936401844024658,True
3,65,1000,0.0001,24.945081352303166,1,130.0,32967.73478740451,0.5454545454545454,0.4375,0.42424242424242425,0.45,0.02510460251046025,0.026515151515151516,0.04861111111111111,0.03413400758533502,0.048,0.05,0.08722741433021806,0.06345475910693302,1.9183344841003418,True
3,65,1000,0.0001,28.005038941836368,1,117.0,32622.941445468263,0.5555555555555556,0.4,0.4482758620689655,0.4528301886792453,0.02092050209205021,0.022727272727272728,0.04513888888888889,0.03034134007585335,0.04032258064516129,0.043010752688172046,0.08201892744479496,0.05687203791469194,1.9820165634155273,True
3,65,1000,0.0001,31.440354715915,1,107.0,32363.435518613398,0.5555555555555556,0.42857142857142855,0.48148148148148145,0.48,0.02092050209205021,0.022727272727272728,0.04513888888888889,0.03034134007585335,0.04032258064516129,0.04316546762589928,0.08253968253968254,0.057074910820451845,1.9781739711761475,True
3,65,1000,0.0001,35.297073027306574,1,99.0,32147.775624583188,0.42857142857142855,0.4444444444444444,0.48148148148148145,0.46511627906976744,0.012552301255230125,0.015151515151515152,0.04513888888888889,0.025284450063211124,0.024390243902439025,0.029304029304029304,0.08253968253968254,0.047961630695443645,1.9555339813232422,True
3,65,1000,0.0001,39.626886387014785,1,92.0,31972.367723392468,0.42857142857142855,0.4444444444444444,0.48,0.4634146341463415,0.012552301255230125,0.015151515151515152,0.041666666666666664,0.02402022756005057,0.024390243902439025,0.029304029304029304,0.07667731629392971,0.04567307692307693,1.9697608947753906,True
3,65,1000,0.0001,44.48782831127595,1,86.0,31789.496076942152,0.5,0.4444444444444444,0.5,0.4864864864864865,0.012552301255230125,0.015151515151515152,0.03819444444444445,0.022756005056890013,0.02448979591836735,0.029304029304029304,0.07096774193548389,0.043478260869565216,1.9706676006317139,True
3,65,1000,0.0001,49.9450511585514,1,80.0,31616.841843193426,0.4,0.5,0.5,0.4857142857142857,0.008368200836820083,0.015151515151515152,0.03819444444444445,0.021491782553729456,0.016393442622950817,0.029411764705882356,0.07096774193548389,0.04116222760290557,2.012220621109009,True
3,65,1000,0.0001,56.071699382054696,1,73.0,31430.525328949603,0.5,0.5,0.45,0.46875,0.008368200836820083,0.015151515151515152,0.03125,0.018963337547408345,0.016460905349794237,0.029411764705882356,0.05844155844155844,0.03645200486026731,2.013350486755371,True
3,65,1000,0.0001,62.94988990221888,1,68.0,31307.45145982368,0.5,0.5,0.42105263157894735,0.45161290322580644,0.008368200836820083,0.015151515151515152,0.027777777777777776,0.017699115044247787,0.016460905349794237,0.029411764705882356,0.052117263843648204,0.0340632603406326,1.9848294258117676,True
3,65,1000,0.0001,70.67181273927505,1,64.0,31206.70799430227,0.5,0.6666666666666666,0.4444444444444444,0.5,0.008368200836820083,0.015151515151515152,0.027777777777777776,0.017699115044247787,0.016460905349794237,0.02962962962962963,0.05228758169934641,0.034188034188034185,1.9912216663360596,True
3,65,1000,0.0001,79.34096665797492,1,59.0,31036.08905697206,0.5,0.6666666666666666,0.4,0.48,0.008368200836820083,0.015151515151515152,0.020833333333333332,0.015170670037926675,0.016460905349794237,0.02962962962962963,0.039603960396039604,0.029411764705882353,1.98525071144104,True
3,65,1000,0.0001,89.07354638610458,1,54.0,30902.89011081898,0.5,0.6666666666666666,0.35714285714285715,0.4583333333333333,0.008368200836820083,0.015151515151515152,0.017361111111111112,0.01390644753476612,0.016460905349794237,0.02962962962962963,0.033112582781456956,0.02699386503067485,1.9812982082366943,True
3,65,1000,0.0001,100.0,1,50.0,30755.933203475633,0.5,0.6666666666666666,0.35714285714285715,0.4583333333333333,0.008368200836820083,0.015151515151515152,0.017361111111111112,0.01390644753476612,0.016460905349794237,0.02962962962962963,0.033112582781456956,0.02699386503067485,1.9906213283538818,True
3,65,1000,0.0001,100.0,1,50.0,30755.933203475633,0.5,0.6666666666666666,0.35714285714285715,0.4583333333333333,0.008368200836820083,0.015151515151515152,0.017361111111111112,0.01390644753476612,0.016460905349794237,0.02962962962962963,0.033112582781456956,0.02699386503067485,2.673476219177246,True
3,65,1000,0.0001,127.42749857031335,1,45.0,30577.183351348503,0.6666666666666666,0.6666666666666666,0.35714285714285715,0.45,0.008368200836820083,0.007575757575757576,0.017361111111111112,0.011378002528445006,0.016528925619834708,0.0149812734082397,0.033112582781456956,0.022194821208384712,2.5878965854644775,True
3,65,1000,0.0001,162.3776739188721,1,40.0,30434.46932802396,0.6666666666666666,0.5,0.4166666666666667,0.47058823529411764,0.008368200836820083,0.003787878787878788,0.017361111111111112,0.010113780025284451,0.016528925619834708,0.0075187969924812035,0.03333333333333334,0.019801980198019806,2.646601676940918,True
3,65,1000,0.0001,206.913808111479,1,35.0,30288.20594228554,0.6666666666666666,0.5,0.42857142857142855,0.5,0.008368200836820083,0.003787878787878788,0.010416666666666666,0.007585335018963337,0.016528925619834708,0.0075187969924812035,0.020338983050847456,0.014943960149439602,2.615251302719116,True
3,65,1000,0.0001,263.6650898730358,1,28.0,29994.73025293226,0.6666666666666666,1.0,0.5,0.6,0.008368200836820083,0.003787878787878788,0.010416666666666666,0.007585335018963337,0.016528925619834708,0.007547169811320754,0.020408163265306124,0.0149812734082397,2.5746514797210693,True
3,65,1000,0.0001,335.9818286283781,1,24.0,29883.673203926224,1.0,1.0,0.6,0.75,0.008368200836820083,0.003787878787878788,0.010416666666666666,0.007585335018963337,0.016597510373443983,0.007547169811320754,0.020477815699658702,0.015018773466833543,2.6042487621307373,True
3,65,1000,0.0001,428.13323987193957,1,21.0,29718.19963814505,1.0,1.0,0.6,0.75,0.008368200836820083,0.003787878787878788,0.010416666666666666,0.007585335018963337,0.016597510373443983,0.007547169811320754,0.020477815699658702,0.015018773466833543,2.5826499462127686,True
3,65,1000,0.0001,545.559478116852,1,19.0,29648.791334432855,1.0,1.0,0.6,0.75,0.008368200836820083,0.003787878787878788,0.010416666666666666,0.007585335018963337,0.016597510373443983,0.007547169811320754,0.020477815699658702,0.015018773466833543,2.57574725151062,True
3,65,1000,0.0001,695.1927961775606,1,14.0,29437.554890873274,1.0,1.0,0.0,0.6666666666666666,0.0041841004184100415,0.003787878787878788,0.0,0.0025284450063211127,0.008333333333333333,0.007547169811320754,nan,0.005037783375314862,2.5799806118011475,True
3,65,1000,0.0001,885.8667904100823,1,9.0,29220.25683218942,1.0,1.0,0.0,0.6666666666666666,0.0041841004184100415,0.003787878787878788,0.0,0.0025284450063211127,0.008333333333333333,0.007547169811320754,nan,0.005037783375314862,2.648103713989258,True
3,65,1000,0.0001,1128.8378916846884,1,8.0,29193.611557569646,1.0,1.0,nan,1.0,0.0041841004184100415,0.003787878787878788,0.0,0.0025284450063211127,0.008333333333333333,0.007547169811320754,nan,0.005044136191677175,2.556178331375122,True
3,65,1000,0.0001,1438.449888287663,1,7.0,29159.863453843613,1.0,1.0,nan,1.0,0.0041841004184100415,0.003787878787878788,0.0,0.0025284450063211127,0.008333333333333333,0.007547169811320754,nan,0.005044136191677175,2.6341352462768555,True
3,65,1000,0.0001,1832.9807108324355,1,7.0,29159.863453843613,1.0,1.0,nan,1.0,0.0041841004184100415,0.003787878787878788,0.0,0.0025284450063211127,0.008333333333333333,0.007547169811320754,nan,0.005044136191677175,2.6179614067077637,True
3,65,1000,0.0001,2335.7214690901214,1,6.0,29076.487710030968,1.0,1.0,nan,1.0,0.0041841004184100415,0.003787878787878788,0.0,0.0025284450063211127,0.008333333333333333,0.007547169811320754,nan,0.005044136191677175,2.5697999000549316,True
3,65,1000,0.0001,2976.351441631319,1,4.0,28904.757925746744,1.0,nan,nan,1.0,0.0041841004184100415,0.0,0.0,0.0012642225031605564,0.008333333333333333,nan,nan,0.0025252525252525255,2.5815539360046387,True
3,65,1000,0.0001,3792.69019073225,1,4.0,28904.757925746744,1.0,nan,nan,1.0,0.0041841004184100415,0.0,0.0,0.0012642225031605564,0.008333333333333333,nan,nan,0.0025252525252525255,2.648669958114624,True
3,65,1000,0.0001,4832.930238571752,1,2.0,28801.864903195303,1.0,nan,nan,1.0,0.0041841004184100415,0.0,0.0,0.0012642225031605564,0.008333333333333333,nan,nan,0.0025252525252525255,2.580261468887329,True
3,65,1000,0.0001,6158.48211066026,1,2.0,28801.864903195303,1.0,nan,nan,1.0,0.0041841004184100415,0.0,0.0,0.0012642225031605564,0.008333333333333333,nan,nan,0.0025252525252525255,2.670870065689087,True
3,65,1000,0.0001,7847.5997035146065,1,2.0,28801.864903195303,1.0,nan,nan,1.0,0.0041841004184100415,0.0,0.0,0.0012642225031605564,0.008333333333333333,nan,nan,0.0025252525252525255,2.692682981491089,True
3,65,1000,0.0001,10000.0,1,2.0,28801.864903195303,1.0,nan,nan,1.0,0.0041841004184100415,0.0,0.0,0.0012642225031605564,0.008333333333333333,nan,nan,0.0025252525252525255,2.5045366287231445,True
3,65,1000,0.0001,10000.0,1,2.0,28801.864903195303,1.0,nan,nan,1.0,0.0041841004184100415,0.0,0.0,0.0012642225031605564,0.008333333333333333,nan,nan,0.0025252525252525255,1.9847512245178223,True
3,65,1000,0.0001,12742.749857031347,1,1.0,28708.0460596032,nan,nan,nan,nan,0.0,0.0,0.0,0.0,nan,nan,nan,nan,1.9399354457855225,True
3,65,1000,0.0001,16237.76739188721,1,0.0,28600.039777177022,nan,nan,nan,nan,0.0,0.0,0.0,0.0,nan,nan,nan,nan,1.9561636447906494,True
3,65,1000,0.0001,20691.3808111479,1,0.0,28600.039777177022,nan,nan,nan,nan,0.0,0.0,0.0,0.0,nan,nan,nan,nan,1.9518940448760986,True
3,65,1000,0.0001,26366.508987303554,1,0.0,28600.039777177022,nan,nan,nan,nan,0.0,0.0,0.0,0.0,nan,nan,nan,nan,1.9338164329528809,True
3,65,1000,0.0001,33598.18286283781,1,0.0,28600.039777177022,nan,nan,nan,nan,0.0,0.0,0.0,0.0,nan,nan,nan,nan,1.985234260559082,True
3,65,1000,0.0001,42813.32398719396,1,0.0,28600.039777177022,nan,nan,nan,nan,0.0,0.0,0.0,0.0,nan,nan,nan,nan,2.046130418777466,True
3,65,1000,0.0001,54555.947811685146,1,0.0,28600.039777177022,nan,nan,nan,nan,0.0,0.0,0.0,0.0,nan,nan,nan,nan,2.0295557975769043,True
3,65,1000,0.0001,69519.27961775605,1,0.0,28600.039777177022,nan,nan,nan,nan,0.0,0.0,0.0,0.0,nan,nan,nan,nan,2.01926851272583,True
3,65,1000,0.0001,88586.67904100832,1,0.0,28600.039777177022,nan,nan,nan,nan,0.0,0.0,0.0,0.0,nan,nan,nan,nan,1.98250412940979,True
3,65,1000,0.0001,112883.78916846884,1,0.0,28600.039777177022,nan,nan,nan,nan,0.0,0.0,0.0,0.0,nan,nan,nan,nan,1.9765150547027588,True
3,65,1000,0.0001,143844.9888287663,1,0.0,28600.039777177022,nan,nan,nan,nan,0.0,0.0,0.0,0.0,nan,nan,nan,nan,1.9852828979492188,True
3,65,1000,0.0001,183298.07108324376,1,0.0,28600.039777177022,nan,nan,nan,nan,0.0,0.0,0.0,0.0,nan,nan,nan,nan,1.967648983001709,True
3,65,1000,0.0001,233572.14690901214,1,0.0,28600.039777177022,nan,nan,nan,nan,0.0,0.0,0.0,0.0,nan,nan,nan,nan,2.017995834350586,True
3,65,1000,0.0001,297635.14416313195,1,0.0,28600.039777177022,nan,nan,nan,nan,0.0,0.0,0.0,0.0,nan,nan,nan,nan,2.061147689819336,True
3,65,1000,0.0001,379269.0190732254,1,0.0,28600.039777177022,nan,nan,nan,nan,0.0,0.0,0.0,0.0,nan,nan,nan,nan,2.071272850036621,True
3,65,1000,0.0001,483293.0238571752,1,0.0,28600.039777177022,nan,nan,nan,nan,0.0,0.0,0.0,0.0,nan,nan,nan,nan,1.9980535507202148,True
3,65,1000,0.0001,615848.2110660254,1,0.0,28600.039777177022,nan,nan,nan,nan,0.0,0.0,0.0,0.0,nan,nan,nan,nan,2.0035171508789062,True
3,65,1000,0.0001,784759.9703514606,1,0.0,28600.039777177022,nan,nan,nan,nan,0.0,0.0,0.0,0.0,nan,nan,nan,nan,2.0396461486816406,True
3,65,1000,0.0001,1000000.0,1,0.0,28600.039777177022,nan,nan,nan,nan,0.0,0.0,0.0,0.0,nan,nan,nan,nan,1.9763884544372559,True
